id,title,year,date_range,start_date,venue,prefecture,tour_simple,tour_detailed,organizers,catalog_status,catalog_detail,remarks,reference,
1978-isetan-01,ミュシャ展：アールヌーボーの花,1978,6/8-6/13,1978-06-08,伊勢丹美術館,東京都,計5か所（1/5）,1978年：東京・伊勢丹美術館、熊本・熊本県立美術館、愛知・松坂屋名古屋駅店6階催事場、大阪・梅田近代美術館、北海道・札幌そごう　計5か所（1/5）,"＊
",有＊,1978年、日本海外株式会社編（伊勢丹美術館のもの＊）,日本初のミュシャ回顧展,1978年『ミュシャ展：アールヌーボーの花』カタログ（松坂屋名古屋駅店のもの）、『アルフォンス・ミュシャ展：生誕150年記念』カタログ、『みんなのミュシャ：ミュシャからマンガへ／線の魔術』展カタログ、国立新美術館データベース,
1978-kumamoto-01,ミュシャ展：アールヌーボーの花,1978,7/7-7/23,1978-07-07,熊本県立美術館,熊本県,計5か所（2/5）,1978年：東京・伊勢丹美術館、熊本・熊本県立美術館、愛知・松坂屋名古屋駅店6階催事場、大阪・梅田近代美術館、北海道・札幌そごう　計5か所（2/5）,主催：熊本県立美術館ほか＊,＊,＊,,『アルフォンス・ミュシャ展：生誕150年記念』カタログ、『みんなのミュシャ：ミュシャからマンガへ／線の魔術』展カタログ、国立新美術館データベース,
1978-matsu-01,ミュシャ展：アールヌーボーの花,1978,9/21-9/26,1978-09-21,松坂屋名古屋駅店6階催事場,愛知県,計5か所（3/5）,1978年：東京・伊勢丹美術館、熊本・熊本県立美術館、愛知・松坂屋名古屋駅店6階催事場、大阪・梅田近代美術館、北海道・札幌そごう　計5か所（3/5）,"主催：中日新聞社本社、アルフォンス・ミュシャ展実行委員会
後援：チェコスロバキア社会主義共和国大使館、プラハ国立美術館、文化庁、愛知県・名古屋市教育委員会",有,1978年、日本海外株式会社編（松坂屋名古屋駅店のもの）,,1980年『ミュシャ展：アールヌーボーの花』カタログ（松坂屋名古屋駅店のもの）,
1978-umeda-01,ミュシャ展：アールヌーボーの花,1978,＊,1978-12-30,梅田近代美術館,大阪府,計5か所（4/5）,1978年：東京・伊勢丹美術館、熊本・熊本県立美術館、愛知・松坂屋名古屋駅店6階催事場、大阪・梅田近代美術館、北海道・札幌そごう　計5か所（4/5）,"＊
",＊,＊,,『アルフォンス・ミュシャ展：生誕150年記念』カタログ、『みんなのミュシャ：ミュシャからマンガへ／線の魔術』展カタログ,
1978-sogo-01,ミュシャ展：アールヌーボーの花,1978,＊,1978-12-31,札幌そごう,北海道,計5か所（5/5）,1978年：東京・伊勢丹美術館、熊本・熊本県立美術館、愛知・松坂屋名古屋駅店6階催事場、大阪・梅田近代美術館、北海道・札幌そごう　計5か所（5/5）,"＊
",＊,＊,,『アルフォンス・ミュシャ展：生誕150年記念』カタログ、『みんなのミュシャ：ミュシャからマンガへ／線の魔術』展カタログ,
1983-isetan-01,アルフォンス・ミュシャ展：アール・ヌーヴォーの華,1983,3/24-4/19,1983-03-24,伊勢丹美術館,東京都,計21か所（1/21）,1983年：東京・伊勢丹美術館、愛知・松坂屋名古屋本店、京都・高島屋京都店、福岡・石橋美術館、大阪・なんば高島屋、兵庫・大丸神戸店、神奈川・横浜高島屋、北海道・札幌東急　1984年：広島・福屋、千葉・船橋西武美術館、福岡・岩田屋、新潟・伊勢丹、鹿児島・山形屋本店　1985 年：大阪・阪神百貨店、北海道・西武旭川店、岩手・岩手県民会館　1986年：長崎・浜屋、熊本・岩田屋伊勢丹、宮城・エンド一本店　1987年：富山・西武富山店、静岡・静岡カントリー・カルチャーフロア　計21か所（1/21）,,有,1983年、ドイテク企画室編（伊勢丹美術館含む8か所のもの）,企画協力：ドイグループ（ドイテク企画室）,1983年『アルフォンス・ミュシャ展：アール・ヌーヴォーの華』カタログ（伊勢丹美術館含む8か所のもの）、『アルフォンス・ミュシャ展：生誕150年記念』カタログ、『アルフォンス・ミュシャ作品集（新装版）』、『みんなのミュシャ：ミュシャからマンガへ／線の魔術』展カタログ、国立新美術館データベース,
1983-matsu-01,アルフォンス・ミュシャ展：アール・ヌーヴォーの華,1983,4/28-5/10,1983-04-28,松坂屋本店,愛知県,計21か所（2/21）,1983年：東京・伊勢丹美術館、愛知・松坂屋名古屋本店、京都・高島屋京都店、福岡・石橋美術館、大阪・なんば高島屋、兵庫・大丸神戸店、神奈川・横浜高島屋、北海道・札幌東急　1984年：広島・福屋、千葉・船橋西武美術館、福岡・岩田屋、新潟・伊勢丹、鹿児島・山形屋本店　1985 年：大阪・阪神百貨店、北海道・西武旭川店、岩手・岩手県民会館　1986年：長崎・浜屋、熊本・岩田屋伊勢丹、宮城・エンド一本店　1987年：富山・西武富山店、静岡・静岡カントリー・カルチャーフロア　計21か所（2/21）,,有,1983年、ドイテク企画室編（伊勢丹美術館含む8か所のもの）,企画協力：ドイグループ（ドイテク企画室）,1983年『アルフォンス・ミュシャ展：アール・ヌーヴォーの華』カタログ（伊勢丹美術館含む8か所のもの）、『アルフォンス・ミュシャ展：生誕150年記念』カタログ、『アルフォンス・ミュシャ作品集（新装版）』、『みんなのミュシャ：ミュシャからマンガへ／線の魔術』展カタログ,
1983-takashima-01,アルフォンス・ミュシャ展：アール・ヌーヴォーの華,1983,5/28-6/7,1983-05-28,高島屋京都店,京都府,計21か所（3/21）,1983年：東京・伊勢丹美術館、愛知・松坂屋名古屋本店、京都・高島屋京都店、福岡・石橋美術館、大阪・なんば高島屋、兵庫・大丸神戸店、神奈川・横浜高島屋、北海道・札幌東急　1984年：広島・福屋、千葉・船橋西武美術館、福岡・岩田屋、新潟・伊勢丹、鹿児島・山形屋本店　1985 年：大阪・阪神百貨店、北海道・西武旭川店、岩手・岩手県民会館　1986年：長崎・浜屋、熊本・岩田屋伊勢丹、宮城・エンド一本店　1987年：富山・西武富山店、静岡・静岡カントリー・カルチャーフロア　計21か所（3/21）,,有,1983年、ドイテク企画室編（伊勢丹美術館含む8か所のもの）,企画協力：ドイグループ（ドイテク企画室）,1983年『アルフォンス・ミュシャ展：アール・ヌーヴォーの華』カタログ（伊勢丹美術館含む8か所のもの）、『アルフォンス・ミュシャ展：生誕150年記念』カタログ、『アルフォンス・ミュシャ作品集（新装版）』、『みんなのミュシャ：ミュシャからマンガへ／線の魔術』展カタログ,
1983-ishibashi-01,アルフォンス・ミュシャ展：アール・ヌーヴォーの華,1983,7/30-8/28,1983-07-30,石橋美術館,福岡県,計21か所（4/21）,1983年：東京・伊勢丹美術館、愛知・松坂屋名古屋本店、京都・高島屋京都店、福岡・石橋美術館、大阪・なんば高島屋、兵庫・大丸神戸店、神奈川・横浜高島屋、北海道・札幌東急　1984年：広島・福屋、千葉・船橋西武美術館、福岡・岩田屋、新潟・伊勢丹、鹿児島・山形屋本店　1985 年：大阪・阪神百貨店、北海道・西武旭川店、岩手・岩手県民会館　1986年：長崎・浜屋、熊本・岩田屋伊勢丹、宮城・エンド一本店　1987年：富山・西武富山店、静岡・静岡カントリー・カルチャーフロア　計21か所（4/21）,,有,1983年、ドイテク企画室編（伊勢丹美術館含む8か所のもの）,企画協力：ドイグループ（ドイテク企画室）,1983年『アルフォンス・ミュシャ展：アール・ヌーヴォーの華』カタログ（伊勢丹美術館含む8か所のもの）、『アルフォンス・ミュシャ展：生誕150年記念』カタログ、『アルフォンス・ミュシャ作品集（新装版）』、『みんなのミュシャ：ミュシャからマンガへ／線の魔術』展カタログ、国立新美術館データベース,
 1983-takashima-02,アルフォンス・ミュシャ展：アール・ヌーヴォーの華,1983,9/1-9/13,1983-09-01,なんば高島屋,大阪府,計21か所（5/21）,1983年：東京・伊勢丹美術館、愛知・松坂屋名古屋本店、京都・高島屋京都店、福岡・石橋美術館、大阪・なんば高島屋、兵庫・大丸神戸店、神奈川・横浜高島屋、北海道・札幌東急　1984年：広島・福屋、千葉・船橋西武美術館、福岡・岩田屋、新潟・伊勢丹、鹿児島・山形屋本店　1985 年：大阪・阪神百貨店、北海道・西武旭川店、岩手・岩手県民会館　1986年：長崎・浜屋、熊本・岩田屋伊勢丹、宮城・エンド一本店　1987年：富山・西武富山店、静岡・静岡カントリー・カルチャーフロア　計21か所（5/21）,,有,1983年、ドイテク企画室編（伊勢丹美術館含む8か所のもの）,企画協力：ドイグループ（ドイテク企画室）,1983年『アルフォンス・ミュシャ展：アール・ヌーヴォーの華』カタログ（伊勢丹美術館含む8か所のもの）、『アルフォンス・ミュシャ展：生誕150年記念』カタログ、『アルフォンス・ミュシャ作品集（新装版）』、『みんなのミュシャ：ミュシャからマンガへ／線の魔術』展カタログ,
1983-daimaru-01,アルフォンス・ミュシャ展：アール・ヌーヴォーの華,1983,9/22-10/4,1983-09-22,大丸神戸店,兵庫県,計21か所（6/21）,1983年：東京・伊勢丹美術館、愛知・松坂屋名古屋本店、京都・高島屋京都店、福岡・石橋美術館、大阪・なんば高島屋、兵庫・大丸神戸店、神奈川・横浜高島屋、北海道・札幌東急　1984年：広島・福屋、千葉・船橋西武美術館、福岡・岩田屋、新潟・伊勢丹、鹿児島・山形屋本店　1985 年：大阪・阪神百貨店、北海道・西武旭川店、岩手・岩手県民会館　1986年：長崎・浜屋、熊本・岩田屋伊勢丹、宮城・エンド一本店　1987年：富山・西武富山店、静岡・静岡カントリー・カルチャーフロア　計21か所（6/21）,,有,1983年、ドイテク企画室編（伊勢丹美術館含む8か所のもの）,企画協力：ドイグループ（ドイテク企画室）,1983年『アルフォンス・ミュシャ展：アール・ヌーヴォーの華』カタログ（伊勢丹美術館含む8か所のもの）、『アルフォンス・ミュシャ展：生誕150年記念』カタログ、『アルフォンス・ミュシャ作品集（新装版）』、『みんなのミュシャ：ミュシャからマンガへ／線の魔術』展カタログ,
1983-takashima-03,アルフォンス・ミュシャ展：アール・ヌーヴォーの華,1983,10/13-10/25,1983-10-13,横浜高島屋,神奈川県,計21か所（7/21）,1983年：東京・伊勢丹美術館、愛知・松坂屋名古屋本店、京都・高島屋京都店、福岡・石橋美術館、大阪・なんば高島屋、兵庫・大丸神戸店、神奈川・横浜高島屋、北海道・札幌東急　1984年：広島・福屋、千葉・船橋西武美術館、福岡・岩田屋、新潟・伊勢丹、鹿児島・山形屋本店　1985 年：大阪・阪神百貨店、北海道・西武旭川店、岩手・岩手県民会館　1986年：長崎・浜屋、熊本・岩田屋伊勢丹、宮城・エンド一本店　1987年：富山・西武富山店、静岡・静岡カントリー・カルチャーフロア　計21か所（7/21）,,有,1983年、ドイテク企画室編（伊勢丹美術館含む8か所のもの）,企画協力：ドイグループ（ドイテク企画室）,1983年『アルフォンス・ミュシャ展：アール・ヌーヴォーの華』カタログ（伊勢丹美術館含む8か所のもの）、『アルフォンス・ミュシャ展：生誕150年記念』カタログ、『アルフォンス・ミュシャ作品集（新装版）』、『みんなのミュシャ：ミュシャからマンガへ／線の魔術』展カタログ,
1983-tokyu-01,アルフォンス・ミュシャ展：アール・ヌーヴォーの華,1983,11/3-11/15,1983-11-03,札幌東急,北海道,計21か所（8/21）,1983年：東京・伊勢丹美術館、愛知・松坂屋名古屋本店、京都・高島屋京都店、福岡・石橋美術館、大阪・なんば高島屋、兵庫・大丸神戸店、神奈川・横浜高島屋、北海道・札幌東急　1984年：広島・福屋、千葉・船橋西武美術館、福岡・岩田屋、新潟・伊勢丹、鹿児島・山形屋本店　1985 年：大阪・阪神百貨店、北海道・西武旭川店、岩手・岩手県民会館　1986年：長崎・浜屋、熊本・岩田屋伊勢丹、宮城・エンド一本店　1987年：富山・西武富山店、静岡・静岡カントリー・カルチャーフロア　計21か所（8/21）,,有,1983年、ドイテク企画室編（伊勢丹美術館含む8か所のもの）,企画協力：ドイグループ（ドイテク企画室）,1983年『アルフォンス・ミュシャ展：アール・ヌーヴォーの華』カタログ（伊勢丹美術館含む8か所のもの）、『アルフォンス・ミュシャ展：生誕150年記念』カタログ、『アルフォンス・ミュシャ作品集（新装版）』、『みんなのミュシャ：ミュシャからマンガへ／線の魔術』展カタログ,
1983-doiphoto-01,ミュシャ写真展,1983,＊,1983-12-31,ドイフォトプラザ渋谷,東京都,なし,なし,"＊
",＊,＊,ミュシャが撮影した写真を紹介した展覧会,『アルフォンス・ミュシャ展：生誕150年記念』カタログ,
1984-fukuya-01,アルフォンス・ミュシャ展：アール・ヌーヴォーの華,1984,4/5-4/17,1984-04-05,福屋,広島県,計21か所（9/21）,1983年：東京・伊勢丹美術館、愛知・松坂屋名古屋本店、京都・高島屋京都店、福岡・石橋美術館、大阪・なんば高島屋、兵庫・大丸神戸店、神奈川・横浜高島屋、北海道・札幌東急　1984年：広島・福屋、千葉・船橋西武美術館、福岡・岩田屋、新潟・伊勢丹、鹿児島・山形屋本店　1985 年：大阪・阪神百貨店、北海道・西武旭川店、岩手・岩手県民会館　1986年：長崎・浜屋、熊本・岩田屋伊勢丹、宮城・エンド一本店　1987年：富山・西武富山店、静岡・静岡カントリー・カルチャーフロア　計21か所（9/21）,,＊,＊,企画協力：ドイグループ（ドイテク企画室）,『アルフォンス・ミュシャ展：生誕150年記念』カタログ、『アルフォンス・ミュシャ作品集（新装版）』、『みんなのミュシャ：ミュシャからマンガへ／線の魔術』展カタログ,
1984-seibu-01,アルフォンス・ミュシャ展：アール・ヌーヴォーの華,1984,7/20-8/14,1984-07-20,船橋西武美術館,千葉県,計21か所（10/21）,1983年：東京・伊勢丹美術館、愛知・松坂屋名古屋本店、京都・高島屋京都店、福岡・石橋美術館、大阪・なんば高島屋、兵庫・大丸神戸店、神奈川・横浜高島屋、北海道・札幌東急　1984年：広島・福屋、千葉・船橋西武美術館、福岡・岩田屋、新潟・伊勢丹、鹿児島・山形屋本店　1985 年：大阪・阪神百貨店、北海道・西武旭川店、岩手・岩手県民会館　1986年：長崎・浜屋、熊本・岩田屋伊勢丹、宮城・エンド一本店　1987年：富山・西武富山店、静岡・静岡カントリー・カルチャーフロア　計21か所（10/21）,,＊,＊,企画協力：ドイグループ（ドイテク企画室）,『アルフォンス・ミュシャ展：生誕150年記念』カタログ、『アルフォンス・ミュシャ作品集（新装版）』、『みんなのミュシャ：ミュシャからマンガへ／線の魔術』展カタログ、国立新美術館データベース,
1984-iwataya-01,アルフォンス・ミュシャ展：アール・ヌーヴォーの華,1984,9/5-9/17,1984-09-05,岩田屋　,福岡県,計21か所（11/21）,1983年：東京・伊勢丹美術館、愛知・松坂屋名古屋本店、京都・高島屋京都店、福岡・石橋美術館、大阪・なんば高島屋、兵庫・大丸神戸店、神奈川・横浜高島屋、北海道・札幌東急　1984年：広島・福屋、千葉・船橋西武美術館、福岡・岩田屋、新潟・伊勢丹、鹿児島・山形屋本店　1985 年：大阪・阪神百貨店、北海道・西武旭川店、岩手・岩手県民会館　1986年：長崎・浜屋、熊本・岩田屋伊勢丹、宮城・エンド一本店　1987年：富山・西武富山店、静岡・静岡カントリー・カルチャーフロア　計21か所（11/21）,,＊,＊,企画協力：ドイグループ（ドイテク企画室）,『アルフォンス・ミュシャ展：生誕150年記念』カタログ、『アルフォンス・ミュシャ作品集（新装版）』、『みんなのミュシャ：ミュシャからマンガへ／線の魔術』展カタログ,
1984-isetan-01,アルフォンス・ミュシャ展：アール・ヌーヴォーの華,1984,10/4-10/23,1984-10-04,伊勢丹,新潟県,計21か所（12/21）,1983年：東京・伊勢丹美術館、愛知・松坂屋名古屋本店、京都・高島屋京都店、福岡・石橋美術館、大阪・なんば高島屋、兵庫・大丸神戸店、神奈川・横浜高島屋、北海道・札幌東急　1984年：広島・福屋、千葉・船橋西武美術館、福岡・岩田屋、新潟・伊勢丹、鹿児島・山形屋本店　1985 年：大阪・阪神百貨店、北海道・西武旭川店、岩手・岩手県民会館　1986年：長崎・浜屋、熊本・岩田屋伊勢丹、宮城・エンド一本店　1987年：富山・西武富山店、静岡・静岡カントリー・カルチャーフロア　計21か所（12/21）,,＊,＊,企画協力：ドイグループ（ドイテク企画室）,『アルフォンス・ミュシャ展：生誕150年記念』カタログ、『アルフォンス・ミュシャ作品集（新装版）』、『みんなのミュシャ：ミュシャからマンガへ／線の魔術』展カタログ,
1984-yamagataya-01,アルフォンス・ミュシャ展：アール・ヌーヴォーの華,1984,11/2-11/8,1984-11-02,山形屋本店,鹿児島県,計21か所（13/21）,1983年：東京・伊勢丹美術館、愛知・松坂屋名古屋本店、京都・高島屋京都店、福岡・石橋美術館、大阪・なんば高島屋、兵庫・大丸神戸店、神奈川・横浜高島屋、北海道・札幌東急　1984年：広島・福屋、千葉・船橋西武美術館、福岡・岩田屋、新潟・伊勢丹、鹿児島・山形屋本店　1985 年：大阪・阪神百貨店、北海道・西武旭川店、岩手・岩手県民会館　1986年：長崎・浜屋、熊本・岩田屋伊勢丹、宮城・エンド一本店　1987年：富山・西武富山店、静岡・静岡カントリー・カルチャーフロア　計21か所（13/21）,,＊,＊,企画協力：ドイグループ（ドイテク企画室）,『アルフォンス・ミュシャ展：生誕150年記念』カタログ、『アルフォンス・ミュシャ作品集（新装版）』、『みんなのミュシャ：ミュシャからマンガへ／線の魔術』展カタログ,
1985-hanshin-01,アルフォンス・ミュシャ展：アール・ヌーヴォーの華,1985,3/28-4/2,1985-03-28,阪神百貨店,大阪府,計21か所（14/21）,1983年：東京・伊勢丹美術館、愛知・松坂屋名古屋本店、京都・高島屋京都店、福岡・石橋美術館、大阪・なんば高島屋、兵庫・大丸神戸店、神奈川・横浜高島屋、北海道・札幌東急　1984年：広島・福屋、千葉・船橋西武美術館、福岡・岩田屋、新潟・伊勢丹、鹿児島・山形屋本店　1985 年：大阪・阪神百貨店、北海道・西武旭川店、岩手・岩手県民会館　1986年：長崎・浜屋、熊本・岩田屋伊勢丹、宮城・エンド一本店　1987年：富山・西武富山店、静岡・静岡カントリー・カルチャーフロア　計21か所（14/21）,,＊,＊,企画協力：ドイグループ（ドイテク企画室）,『アルフォンス・ミュシャ展：生誕150年記念』カタログ、『アルフォンス・ミュシャ作品集（新装版）』、『みんなのミュシャ：ミュシャからマンガへ／線の魔術』展カタログ,
1985-seibu-01,アルフォンス・ミュシャ展：アール・ヌーヴォーの華,1985,10/4-10/23,1985-10-04,西武旭川店,北海道,計21か所（15/21）,1983年：東京・伊勢丹美術館、愛知・松坂屋名古屋本店、京都・高島屋京都店、福岡・石橋美術館、大阪・なんば高島屋、兵庫・大丸神戸店、神奈川・横浜高島屋、北海道・札幌東急　1984年：広島・福屋、千葉・船橋西武美術館、福岡・岩田屋、新潟・伊勢丹、鹿児島・山形屋本店　1985 年：大阪・阪神百貨店、北海道・西武旭川店、岩手・岩手県民会館　1986年：長崎・浜屋、熊本・岩田屋伊勢丹、宮城・エンド一本店　1987年：富山・西武富山店、静岡・静岡カントリー・カルチャーフロア　計21か所（15/21）,,＊,＊,企画協力：ドイグループ（ドイテク企画室）,『アルフォンス・ミュシャ展：生誕150年記念』カタログ、『アルフォンス・ミュシャ作品集（新装版）』、『みんなのミュシャ：ミュシャからマンガへ／線の魔術』展カタログ,
1985-iwate-01,アルフォンス・ミュシャ展：アール・ヌーヴォーの華,1985,11/21-12/1,1985-11-21,岩手県民会館,岩手県,計21か所（16/21）,1983年：東京・伊勢丹美術館、愛知・松坂屋名古屋本店、京都・高島屋京都店、福岡・石橋美術館、大阪・なんば高島屋、兵庫・大丸神戸店、神奈川・横浜高島屋、北海道・札幌東急　1984年：広島・福屋、千葉・船橋西武美術館、福岡・岩田屋、新潟・伊勢丹、鹿児島・山形屋本店　1985 年：大阪・阪神百貨店、北海道・西武旭川店、岩手・岩手県民会館　1986年：長崎・浜屋、熊本・岩田屋伊勢丹、宮城・エンド一本店　1987年：富山・西武富山店、静岡・静岡カントリー・カルチャーフロア　計21か所（16/21）,,＊,＊,企画協力：ドイグループ（ドイテク企画室）,『アルフォンス・ミュシャ展：生誕150年記念』カタログ、『アルフォンス・ミュシャ作品集（新装版）』、『みんなのミュシャ：ミュシャからマンガへ／線の魔術』展カタログ,
1986-hamaya-01,アルフォンス・ミュシャ展：アール・ヌーヴォーの華,1986,3/12-3/17,1986-03-12,浜屋,長崎県,計21か所（17/21）,1983年：東京・伊勢丹美術館、愛知・松坂屋名古屋本店、京都・高島屋京都店、福岡・石橋美術館、大阪・なんば高島屋、兵庫・大丸神戸店、神奈川・横浜高島屋、北海道・札幌東急　1984年：広島・福屋、千葉・船橋西武美術館、福岡・岩田屋、新潟・伊勢丹、鹿児島・山形屋本店　1985 年：大阪・阪神百貨店、北海道・西武旭川店、岩手・岩手県民会館　1986年：長崎・浜屋、熊本・岩田屋伊勢丹、宮城・エンド一本店　1987年：富山・西武富山店、静岡・静岡カントリー・カルチャーフロア　計21か所（17/21）,,＊,＊,企画協力：ドイグループ（ドイテク企画室）,『アルフォンス・ミュシャ展：生誕150年記念』カタログ、『アルフォンス・ミュシャ作品集（新装版）』、『みんなのミュシャ：ミュシャからマンガへ／線の魔術』展カタログ,
1986-matsu-01,アルフォンス・ミュシャ展：幻想のアール・ヌーヴォー,1986,＊-4/22,1986-04-22,松坂屋（上野）,東京都,計2か所（1/2）,1986年：東京・松坂屋（上野）、愛知・松坂屋（名古屋）　計2か所（1/2）,"＊
",有＊,1986年＊,,『アルフォンス・ミュシャ展：生誕150年記念』カタログ、『アルフォンス・ミュシャ作品集（新装版）』、『みんなのミュシャ：ミュシャからマンガへ／線の魔術』展カタログ、読売新聞1986年4月17日夕刊の広告ページ,
1986-isetan-01,アルフォンス・ミュシャ展：アール・ヌーヴォーの華,1986,5/1-5/6,1986-05-01,岩田屋伊勢丹,熊本県,計21か所（18/21）,1983年：東京・伊勢丹美術館、愛知・松坂屋名古屋本店、京都・高島屋京都店、福岡・石橋美術館、大阪・なんば高島屋、兵庫・大丸神戸店、神奈川・横浜高島屋、北海道・札幌東急　1984年：広島・福屋、千葉・船橋西武美術館、福岡・岩田屋、新潟・伊勢丹、鹿児島・山形屋本店　1985 年：大阪・阪神百貨店、北海道・西武旭川店、岩手・岩手県民会館　1986年：長崎・浜屋、熊本・岩田屋伊勢丹、宮城・エンド一本店　1987年：富山・西武富山店、静岡・静岡カントリー・カルチャーフロア　計21か所（18/21）,,＊,＊,企画協力：ドイグループ（ドイテク企画室）,『アルフォンス・ミュシャ展：生誕150年記念』カタログ、『アルフォンス・ミュシャ作品集（新装版）』、『みんなのミュシャ：ミュシャからマンガへ／線の魔術』展カタログ,
1986-endo-01,アルフォンス・ミュシャ展：アール・ヌーヴォーの華,1986,12/19-1/5,1986-12-19,エンド一本店,宮城県,計21か所（19/21）,1983年：東京・伊勢丹美術館、愛知・松坂屋名古屋本店、京都・高島屋京都店、福岡・石橋美術館、大阪・なんば高島屋、兵庫・大丸神戸店、神奈川・横浜高島屋、北海道・札幌東急　1984年：広島・福屋、千葉・船橋西武美術館、福岡・岩田屋、新潟・伊勢丹、鹿児島・山形屋本店　1985 年：大阪・阪神百貨店、北海道・西武旭川店、岩手・岩手県民会館　1986年：長崎・浜屋、熊本・岩田屋伊勢丹、宮城・エンド一本店　1987年：富山・西武富山店、静岡・静岡カントリー・カルチャーフロア　計21か所（19/21）,,＊,＊,企画協力：ドイグループ（ドイテク企画室）,『アルフォンス・ミュシャ展：生誕150年記念』カタログ、『アルフォンス・ミュシャ作品集（新装版）』、『みんなのミュシャ：ミュシャからマンガへ／線の魔術』展カタログ,
1986-matsu-02,アルフォンス・ミュシャ展：幻想のアール・ヌーヴォー,1986,＊,1986-12-31,松坂屋（名古屋）,愛知県,計2か所（2/2）,1986年：東京・松坂屋（上野）、愛知・松坂屋（名古屋）　計2か所（2/2）,"＊
",有＊,1986年＊,,『アルフォンス・ミュシャ展：生誕150年記念』カタログ、『アルフォンス・ミュシャ作品集（新装版）』、『みんなのミュシャ：ミュシャからマンガへ／線の魔術』展カタログ,
1987-seibu-01,アルフォンス・ミュシャ展：アール・ヌーヴォーの華,1987,6/5-6/10,1987-06-05,西武富山店,富山県,計21か所（20/21）,1983年：東京・伊勢丹美術館、愛知・松坂屋名古屋本店、京都・高島屋京都店、福岡・石橋美術館、大阪・なんば高島屋、兵庫・大丸神戸店、神奈川・横浜高島屋、北海道・札幌東急　1984年：広島・福屋、千葉・船橋西武美術館、福岡・岩田屋、新潟・伊勢丹、鹿児島・山形屋本店　1985 年：大阪・阪神百貨店、北海道・西武旭川店、岩手・岩手県民会館　1986年：長崎・浜屋、熊本・岩田屋伊勢丹、宮城・エンド一本店　1987年：富山・西武富山店、静岡・静岡カントリー・カルチャーフロア　計21か所（20/21）,,＊,＊,企画協力：ドイグループ（ドイテク企画室）,『アルフォンス・ミュシャ展：生誕150年記念』カタログ、『アルフォンス・ミュシャ作品集（新装版）』、『みんなのミュシャ：ミュシャからマンガへ／線の魔術』展カタログ,
1987-shizuoka-01,アルフォンス・ミュシャ展：アール・ヌーヴォーの華,1987,＊,1987-12-31,静岡カントリー・カルチャーフロア,静岡県,計21か所（21/21）,1983年：東京・伊勢丹美術館、愛知・松坂屋名古屋本店、京都・高島屋京都店、福岡・石橋美術館、大阪・なんば高島屋、兵庫・大丸神戸店、神奈川・横浜高島屋、北海道・札幌東急　1984年：広島・福屋、千葉・船橋西武美術館、福岡・岩田屋、新潟・伊勢丹、鹿児島・山形屋本店　1985 年：大阪・阪神百貨店、北海道・西武旭川店、岩手・岩手県民会館　1986年：長崎・浜屋、熊本・岩田屋伊勢丹、宮城・エンド一本店　1987年：富山・西武富山店、静岡・静岡カントリー・カルチャーフロア　計21か所（21/21）,"＊
",＊,＊,企画協力：ドイグループ（ドイテク企画室）,『アルフォンス・ミュシャ作品集（新装版）』,
1989-takashima-01,アルフォンス・ミュシャ展：アール・ヌーヴォーの華／没後50年記念,1989,4/6-4/25,1989-04-06,高島屋東京店,東京都,計35か所（1/35）,1989年：東京・高島屋東京店、京都・高島屋京都店、神奈川・横浜高島屋、北海道・北海道立近代美術館、岐阜・岐阜県美術館、熊本・熊本県立美術館、福岡・福岡市美術館　1990年：大阪・高島屋大阪展、広島・ひろしま美術館、山口・山口県立美術館、静岡・浜松市美術館、岡山・天満屋岡山店　1991年：長崎・長崎県立美術博物館、兵庫・そごう神戸店、鹿児島・鹿児島市立美術館、山形・山形美術館、新潟・新潟市立美術館、福岡・岩田屋、愛媛・いよてつそごう　1992年：大分・大分県立芸術会館、北海道・北海道立帯広美術館、北海道・北海道立函館美術館、愛知・名鉄百貨店、茨城・笠間日動美術館、石川・香林坊・大和　1993年：秋田・秋田市立千秋美術館、青森・弘前市立博物館、沖縄・那覇リウボウ　1994年：千葉・高島屋柏店、大阪・堺市博物館、宮崎・宮崎県立総合博物館　1997年：福岡・田川市美術館、長野・駒ヶ根高原美術館　2000年：兵庫・兵庫県立円山川公苑美術館　2004年：岩手・もりおか啄木・賢治青春館　計35か所（1/35）,"主催：東京新聞、プラハ国立美術館、アルフォンス・ミュシャ展開催委員会
後援：外務省、文化庁、チェコスロバキア文科省、在日チェコスロバキア大使館
協賛：KLMオランダ航空",有,1989年、ドイ文化事業室編（高島屋東京店含む10か所のもの）／1990年、ドイ文化事業室編（高島屋東京店含む21か所のもの＊）,企画協力：ドイ文化事業室,1989年『アルフォンス・ミュシャ展：アール・ヌーヴォーの華／没後50年記念』カタログ（高島屋東京店含む10か所のもの）、『アルフォンス・ミュシャ展：生誕150年記念』カタログ、『アルフォンス・ミュシャ作品集（新装版）』、『みんなのミュシャ：ミュシャからマンガへ／線の魔術』展カタログ、国立新美術館データベース,
1989-takashima-02,アルフォンス・ミュシャ展：アール・ヌーヴォーの華／没後50年記念,1989,4/27-5/9,1989-04-27,高島屋京都店,京都府,計35か所（2/35）,1989年：東京・高島屋東京店、京都・高島屋京都店、神奈川・横浜高島屋、北海道・北海道立近代美術館、岐阜・岐阜県美術館、熊本・熊本県立美術館、福岡・福岡市美術館　1990年：大阪・高島屋大阪展、広島・ひろしま美術館、山口・山口県立美術館、静岡・浜松市美術館、岡山・天満屋岡山店　1991年：長崎・長崎県立美術博物館、兵庫・そごう神戸店、鹿児島・鹿児島市立美術館、山形・山形美術館、新潟・新潟市立美術館、福岡・岩田屋、愛媛・いよてつそごう　1992年：大分・大分県立芸術会館、北海道・北海道立帯広美術館、北海道・北海道立函館美術館、愛知・名鉄百貨店、茨城・笠間日動美術館、石川・香林坊・大和　1993年：秋田・秋田市立千秋美術館、青森・弘前市立博物館、沖縄・那覇リウボウ　1994年：千葉・高島屋柏店、大阪・堺市博物館、宮崎・宮崎県立総合博物館　1997年：福岡・田川市美術館、長野・駒ヶ根高原美術館　2000年：兵庫・兵庫県立円山川公苑美術館　2004年：岩手・もりおか啄木・賢治青春館　計35か所（2/35）,"主催：京都新聞社、プラハ国立美術館、アルフォンス・ミュシャ展開催委員会
後援：外務省、文化庁、チェコスロバキア文科省、在日チェコスロバキア大使館
協賛：KLMオランダ航空",有,1989年、ドイ文化事業室編（高島屋東京店含む10か所のもの）／1990年、ドイ文化事業室編（高島屋東京店含む21か所のもの＊）,企画協力：ドイ文化事業室,1989年『アルフォンス・ミュシャ展：アール・ヌーヴォーの華／没後50年記念』カタログ（高島屋東京店含む10か所のもの）、『アルフォンス・ミュシャ展：生誕150年記念』カタログ、『アルフォンス・ミュシャ作品集（新装版）』、『みんなのミュシャ：ミュシャからマンガへ／線の魔術』展カタログ,
1989-takashima-03,アルフォンス・ミュシャ展：アール・ヌーヴォーの華／没後50年記念,1989,5/18-5/30,1989-05-18,横浜高島屋,神奈川県,計35か所（3/35）,1989年：東京・高島屋東京店、京都・高島屋京都店、神奈川・横浜高島屋、北海道・北海道立近代美術館、岐阜・岐阜県美術館、熊本・熊本県立美術館、福岡・福岡市美術館　1990年：大阪・高島屋大阪展、広島・ひろしま美術館、山口・山口県立美術館、静岡・浜松市美術館、岡山・天満屋岡山店　1991年：長崎・長崎県立美術博物館、兵庫・そごう神戸店、鹿児島・鹿児島市立美術館、山形・山形美術館、新潟・新潟市立美術館、福岡・岩田屋、愛媛・いよてつそごう　1992年：大分・大分県立芸術会館、北海道・北海道立帯広美術館、北海道・北海道立函館美術館、愛知・名鉄百貨店、茨城・笠間日動美術館、石川・香林坊・大和　1993年：秋田・秋田市立千秋美術館、青森・弘前市立博物館、沖縄・那覇リウボウ　1994年：千葉・高島屋柏店、大阪・堺市博物館、宮崎・宮崎県立総合博物館　1997年：福岡・田川市美術館、長野・駒ヶ根高原美術館　2000年：兵庫・兵庫県立円山川公苑美術館　2004年：岩手・もりおか啄木・賢治青春館　計35か所（3/35）,"主催：東京新聞、プラハ国立美術館、アルフォンス・ミュシャ展開催委員会
後援：外務省、文化庁、チェコスロバキア文科省、在日チェコスロバキア大使館
協賛：KLMオランダ航空",有,1989年、ドイ文化事業室編（高島屋東京店含む10か所のもの）／1990年、ドイ文化事業室編（高島屋東京店含む21か所のもの＊）,企画協力：ドイ文化事業室,1989年『アルフォンス・ミュシャ展：アール・ヌーヴォーの華／没後50年記念』カタログ（高島屋東京店含む10か所のもの）、『アルフォンス・ミュシャ展：生誕150年記念』カタログ、『アルフォンス・ミュシャ作品集（新装版）』、『みんなのミュシャ：ミュシャからマンガへ／線の魔術』展カタログ,
1989-hokkaido-01,アルフォンス・ミュシャ展：アール・ヌーヴォーの華／没後50年記念,1989,6/11-7/9,1989-06-11,北海道立近代美術館,北海道,計35か所（4/35）,1989年：東京・高島屋東京店、京都・高島屋京都店、神奈川・横浜高島屋、北海道・北海道立近代美術館、岐阜・岐阜県美術館、熊本・熊本県立美術館、福岡・福岡市美術館　1990年：大阪・高島屋大阪展、広島・ひろしま美術館、山口・山口県立美術館、静岡・浜松市美術館、岡山・天満屋岡山店　1991年：長崎・長崎県立美術博物館、兵庫・そごう神戸店、鹿児島・鹿児島市立美術館、山形・山形美術館、新潟・新潟市立美術館、福岡・岩田屋、愛媛・いよてつそごう　1992年：大分・大分県立芸術会館、北海道・北海道立帯広美術館、北海道・北海道立函館美術館、愛知・名鉄百貨店、茨城・笠間日動美術館、石川・香林坊・大和　1993年：秋田・秋田市立千秋美術館、青森・弘前市立博物館、沖縄・那覇リウボウ　1994年：千葉・高島屋柏店、大阪・堺市博物館、宮崎・宮崎県立総合博物館　1997年：福岡・田川市美術館、長野・駒ヶ根高原美術館　2000年：兵庫・兵庫県立円山川公苑美術館　2004年：岩手・もりおか啄木・賢治青春館　計35か所（4/35）,"主催：北海道立近代美術館、プラハ国立美術館、北海道新聞社、アルフォンス・ミュシャ展開催委員会
後援：外務省、文化庁、チェコスロバキア文科省、在日チェコスロバキア大使館
協賛：KLMオランダ航空",有,1989年、ドイ文化事業室編（高島屋東京店含む10か所のもの）／1990年、ドイ文化事業室編（高島屋東京店含む21か所のもの＊）,企画協力：ドイ文化事業室,1989年『アルフォンス・ミュシャ展：アール・ヌーヴォーの華／没後50年記念』カタログ（高島屋東京店含む10か所のもの）、『アルフォンス・ミュシャ展：生誕150年記念』カタログ、『アルフォンス・ミュシャ作品集（新装版）』、『みんなのミュシャ：ミュシャからマンガへ／線の魔術』展カタログ、国立新美術館データベース,
1989-gifu-01,アルフォンス・ミュシャ展：アール・ヌーヴォーの華／没後50年記念,1989,7/21-9/10,1989-07-21,岐阜県美術館,岐阜県,計35か所（5/35）,1989年：東京・高島屋東京店、京都・高島屋京都店、神奈川・横浜高島屋、北海道・北海道立近代美術館、岐阜・岐阜県美術館、熊本・熊本県立美術館、福岡・福岡市美術館　1990年：大阪・高島屋大阪展、広島・ひろしま美術館、山口・山口県立美術館、静岡・浜松市美術館、岡山・天満屋岡山店　1991年：長崎・長崎県立美術博物館、兵庫・そごう神戸店、鹿児島・鹿児島市立美術館、山形・山形美術館、新潟・新潟市立美術館、福岡・岩田屋、愛媛・いよてつそごう　1992年：大分・大分県立芸術会館、北海道・北海道立帯広美術館、北海道・北海道立函館美術館、愛知・名鉄百貨店、茨城・笠間日動美術館、石川・香林坊・大和　1993年：秋田・秋田市立千秋美術館、青森・弘前市立博物館、沖縄・那覇リウボウ　1994年：千葉・高島屋柏店、大阪・堺市博物館、宮崎・宮崎県立総合博物館　1997年：福岡・田川市美術館、長野・駒ヶ根高原美術館　2000年：兵庫・兵庫県立円山川公苑美術館　2004年：岩手・もりおか啄木・賢治青春館　計35か所（5/35）,"主催：岐阜県美術館、プラハ国立美術館、中日新聞社、アルフォンス・ミュシャ展開催委員会
後援：外務省、文化庁、チェコスロバキア文科省、在日チェコスロバキア大使館
協賛：KLMオランダ航空",有,1989年、ドイ文化事業室編（高島屋東京店含む10か所のもの）／1990年、ドイ文化事業室編（高島屋東京店含む21か所のもの＊）,企画協力：ドイ文化事業室,1989年『アルフォンス・ミュシャ展：アール・ヌーヴォーの華／没後50年記念』カタログ（高島屋東京店含む10か所のもの）、『アルフォンス・ミュシャ展：生誕150年記念』カタログ、『アルフォンス・ミュシャ作品集（新装版）』、『みんなのミュシャ：ミュシャからマンガへ／線の魔術』展カタログ、国立新美術館データベース,
1989-kumamoto-01,アルフォンス・ミュシャ展：アール・ヌーヴォーの華／没後50年記念,1989,9/20-10/22,1989-09-20,熊本県立美術館,熊本県,計35か所（6/35）,1989年：東京・高島屋東京店、京都・高島屋京都店、神奈川・横浜高島屋、北海道・北海道立近代美術館、岐阜・岐阜県美術館、熊本・熊本県立美術館、福岡・福岡市美術館　1990年：大阪・高島屋大阪展、広島・ひろしま美術館、山口・山口県立美術館、静岡・浜松市美術館、岡山・天満屋岡山店　1991年：長崎・長崎県立美術博物館、兵庫・そごう神戸店、鹿児島・鹿児島市立美術館、山形・山形美術館、新潟・新潟市立美術館、福岡・岩田屋、愛媛・いよてつそごう　1992年：大分・大分県立芸術会館、北海道・北海道立帯広美術館、北海道・北海道立函館美術館、愛知・名鉄百貨店、茨城・笠間日動美術館、石川・香林坊・大和　1993年：秋田・秋田市立千秋美術館、青森・弘前市立博物館、沖縄・那覇リウボウ　1994年：千葉・高島屋柏店、大阪・堺市博物館、宮崎・宮崎県立総合博物館　1997年：福岡・田川市美術館、長野・駒ヶ根高原美術館　2000年：兵庫・兵庫県立円山川公苑美術館　2004年：岩手・もりおか啄木・賢治青春館　計35か所（6/35）,"主催：熊本県立美術館、プラハ国立美術館、熊本日日新聞社、アルフォンス・ミュシャ展開催委員会
後援：外務省、文化庁、チェコスロバキア文科省、在日チェコスロバキア大使館
協賛：KLMオランダ航空",有,1989年、ドイ文化事業室編（高島屋東京店含む10か所のもの）／1990年、ドイ文化事業室編（高島屋東京店含む21か所のもの＊）,企画協力：ドイ文化事業室,1989年『アルフォンス・ミュシャ展：アール・ヌーヴォーの華／没後50年記念』カタログ（高島屋東京店含む10か所のもの）、『アルフォンス・ミュシャ展：生誕150年記念』カタログ、『アルフォンス・ミュシャ作品集（新装版）』、『みんなのミュシャ：ミュシャからマンガへ／線の魔術』展カタログ、国立新美術館データベース,
1989-fukuoka-01,アルフォンス・ミュシャ展：アール・ヌーヴォーの華／没後50年記念,1989,11/18-12/17,1989-11-18,福岡市美術館,福岡県,計35か所（7/35）,1989年：東京・高島屋東京店、京都・高島屋京都店、神奈川・横浜高島屋、北海道・北海道立近代美術館、岐阜・岐阜県美術館、熊本・熊本県立美術館、福岡・福岡市美術館　1990年：大阪・高島屋大阪展、広島・ひろしま美術館、山口・山口県立美術館、静岡・浜松市美術館、岡山・天満屋岡山店　1991年：長崎・長崎県立美術博物館、兵庫・そごう神戸店、鹿児島・鹿児島市立美術館、山形・山形美術館、新潟・新潟市立美術館、福岡・岩田屋、愛媛・いよてつそごう　1992年：大分・大分県立芸術会館、北海道・北海道立帯広美術館、北海道・北海道立函館美術館、愛知・名鉄百貨店、茨城・笠間日動美術館、石川・香林坊・大和　1993年：秋田・秋田市立千秋美術館、青森・弘前市立博物館、沖縄・那覇リウボウ　1994年：千葉・高島屋柏店、大阪・堺市博物館、宮崎・宮崎県立総合博物館　1997年：福岡・田川市美術館、長野・駒ヶ根高原美術館　2000年：兵庫・兵庫県立円山川公苑美術館　2004年：岩手・もりおか啄木・賢治青春館　計35か所（7/35）,"主催：福岡市美術館、プラハ国立美術館、西日本新聞社、テレビ西日本、アルフォンス・ミュシャ展開催委員会
後援：外務省、文化庁、チェコスロバキア文科省、在日チェコスロバキア大使館
協賛：KLMオランダ航空",有,1989年、ドイ文化事業室編（高島屋東京店含む10か所のもの）／1990年、ドイ文化事業室編（高島屋東京店含む21か所のもの＊）,企画協力：ドイ文化事業室,1989年『アルフォンス・ミュシャ展：アール・ヌーヴォーの華／没後50年記念』カタログ（高島屋東京店含む10か所のもの）、『アルフォンス・ミュシャ展：生誕150年記念』カタログ、『アルフォンス・ミュシャ作品集（新装版）』、『みんなのミュシャ：ミュシャからマンガへ／線の魔術』展カタログ、国立新美術館データベース,
1990-takashima-01,アルフォンス・ミュシャ展：アール・ヌーヴォーの華／没後50年記念,1990,4/5-4/17,1990-04-05,高島屋大阪店,大阪府,計35か所（8/35）,1989年：東京・高島屋東京店、京都・高島屋京都店、神奈川・横浜高島屋、北海道・北海道立近代美術館、岐阜・岐阜県美術館、熊本・熊本県立美術館、福岡・福岡市美術館　1990年：大阪・高島屋大阪展、広島・ひろしま美術館、山口・山口県立美術館、静岡・浜松市美術館、岡山・天満屋岡山店　1991年：長崎・長崎県立美術博物館、兵庫・そごう神戸店、鹿児島・鹿児島市立美術館、山形・山形美術館、新潟・新潟市立美術館、福岡・岩田屋、愛媛・いよてつそごう　1992年：大分・大分県立芸術会館、北海道・北海道立帯広美術館、北海道・北海道立函館美術館、愛知・名鉄百貨店、茨城・笠間日動美術館、石川・香林坊・大和　1993年：秋田・秋田市立千秋美術館、青森・弘前市立博物館、沖縄・那覇リウボウ　1994年：千葉・高島屋柏店、大阪・堺市博物館、宮崎・宮崎県立総合博物館　1997年：福岡・田川市美術館、長野・駒ヶ根高原美術館　2000年：兵庫・兵庫県立円山川公苑美術館　2004年：岩手・もりおか啄木・賢治青春館　計35か所（8/35）,"主催：産経新聞社、プラハ国立美術館、アルフォンス・ミュシャ展開催委員会
後援：外務省、文化庁、チェコスロバキア文科省、在日チェコスロバキア大使館
協賛：KLMオランダ航空",有,1989年、ドイ文化事業室編（高島屋東京店含む10か所のもの）／1990年、ドイ文化事業室編（高島屋東京店含む21か所のもの＊）,企画協力：ドイ文化事業室,1989年『アルフォンス・ミュシャ展：アール・ヌーヴォーの華／没後50年記念』カタログ（高島屋東京店含む10か所のもの）、『アルフォンス・ミュシャ展：生誕150年記念』カタログ、『アルフォンス・ミュシャ作品集（新装版）』、『みんなのミュシャ：ミュシャからマンガへ／線の魔術』展カタログ、国立新美術館データベース,
1990-hiroshima-01,アルフォンス・ミュシャ展：アール・ヌーヴォーの華／没後50年記念,1990,4/27-5/27,1990-04-27,ひろしま美術館,広島県,計35か所（9/35）,1989年：東京・高島屋東京店、京都・高島屋京都店、神奈川・横浜高島屋、北海道・北海道立近代美術館、岐阜・岐阜県美術館、熊本・熊本県立美術館、福岡・福岡市美術館　1990年：大阪・高島屋大阪展、広島・ひろしま美術館、山口・山口県立美術館、静岡・浜松市美術館、岡山・天満屋岡山店　1991年：長崎・長崎県立美術博物館、兵庫・そごう神戸店、鹿児島・鹿児島市立美術館、山形・山形美術館、新潟・新潟市立美術館、福岡・岩田屋、愛媛・いよてつそごう　1992年：大分・大分県立芸術会館、北海道・北海道立帯広美術館、北海道・北海道立函館美術館、愛知・名鉄百貨店、茨城・笠間日動美術館、石川・香林坊・大和　1993年：秋田・秋田市立千秋美術館、青森・弘前市立博物館、沖縄・那覇リウボウ　1994年：千葉・高島屋柏店、大阪・堺市博物館、宮崎・宮崎県立総合博物館　1997年：福岡・田川市美術館、長野・駒ヶ根高原美術館　2000年：兵庫・兵庫県立円山川公苑美術館　2004年：岩手・もりおか啄木・賢治青春館　計35か所（9/35）,"主催：ひろしま美術館、プラハ国立美術館、中国新聞社、アルフォンス・ミュシャ展開催委員会
後援：外務省、文化庁、チェコスロバキア文科省、在日チェコスロバキア大使館
協賛：KLMオランダ航空",有,1989年、ドイ文化事業室編（高島屋東京店含む10か所のもの）／1990年、ドイ文化事業室編（高島屋東京店含む21か所のもの＊）,企画協力：ドイ文化事業室,1989年『アルフォンス・ミュシャ展：アール・ヌーヴォーの華／没後50年記念』カタログ（高島屋東京店含む10か所のもの）、『アルフォンス・ミュシャ展：生誕150年記念』カタログ、『アルフォンス・ミュシャ作品集（新装版）』、『みんなのミュシャ：ミュシャからマンガへ／線の魔術』展カタログ、国立新美術館データベース,
1990-yamaguchi-01,アルフォンス・ミュシャ展：アール・ヌーヴォーの華／没後50年記念,1990,6/1-7/1,1990-06-01,山口県立美術館,山口県,計35か所（10/35）,1989年：東京・高島屋東京店、京都・高島屋京都店、神奈川・横浜高島屋、北海道・北海道立近代美術館、岐阜・岐阜県美術館、熊本・熊本県立美術館、福岡・福岡市美術館　1990年：大阪・高島屋大阪展、広島・ひろしま美術館、山口・山口県立美術館、静岡・浜松市美術館、岡山・天満屋岡山店　1991年：長崎・長崎県立美術博物館、兵庫・そごう神戸店、鹿児島・鹿児島市立美術館、山形・山形美術館、新潟・新潟市立美術館、福岡・岩田屋、愛媛・いよてつそごう　1992年：大分・大分県立芸術会館、北海道・北海道立帯広美術館、北海道・北海道立函館美術館、愛知・名鉄百貨店、茨城・笠間日動美術館、石川・香林坊・大和　1993年：秋田・秋田市立千秋美術館、青森・弘前市立博物館、沖縄・那覇リウボウ　1994年：千葉・高島屋柏店、大阪・堺市博物館、宮崎・宮崎県立総合博物館　1997年：福岡・田川市美術館、長野・駒ヶ根高原美術館　2000年：兵庫・兵庫県立円山川公苑美術館　2004年：岩手・もりおか啄木・賢治青春館　計35か所（10/35）,"主催：山口県立美術館、プラハ国立美術館、テレビ山口、毎日新聞社、アルフォンス・ミュシャ展開催委員会
後援：外務省、文化庁、チェコスロバキア文科省、在日チェコスロバキア大使館
協賛：KLMオランダ航空",有,1989年、ドイ文化事業室編（高島屋東京店含む10か所のもの）／1990年、ドイ文化事業室編（高島屋東京店含む21か所のもの＊）,企画協力：ドイ文化事業室,1989年『アルフォンス・ミュシャ展：アール・ヌーヴォーの華／没後50年記念』カタログ（高島屋東京店含む10か所のもの）、『アルフォンス・ミュシャ展：生誕150年記念』カタログ、『アルフォンス・ミュシャ作品集（新装版）』、『みんなのミュシャ：ミュシャからマンガへ／線の魔術』展カタログ、国立新美術館データベース,
1990-hamamatsu-01,アルフォンス・ミュシャ展：アール・ヌーヴォーの華／没後50年記念,1990,9/29-10/30,1990-09-29,浜松市美術館,静岡県,計35か所（11/35）,1989年：東京・高島屋東京店、京都・高島屋京都店、神奈川・横浜高島屋、北海道・北海道立近代美術館、岐阜・岐阜県美術館、熊本・熊本県立美術館、福岡・福岡市美術館　1990年：大阪・高島屋大阪展、広島・ひろしま美術館、山口・山口県立美術館、静岡・浜松市美術館、岡山・天満屋岡山店　1991年：長崎・長崎県立美術博物館、兵庫・そごう神戸店、鹿児島・鹿児島市立美術館、山形・山形美術館、新潟・新潟市立美術館、福岡・岩田屋、愛媛・いよてつそごう　1992年：大分・大分県立芸術会館、北海道・北海道立帯広美術館、北海道・北海道立函館美術館、愛知・名鉄百貨店、茨城・笠間日動美術館、石川・香林坊・大和　1993年：秋田・秋田市立千秋美術館、青森・弘前市立博物館、沖縄・那覇リウボウ　1994年：千葉・高島屋柏店、大阪・堺市博物館、宮崎・宮崎県立総合博物館　1997年：福岡・田川市美術館、長野・駒ヶ根高原美術館　2000年：兵庫・兵庫県立円山川公苑美術館　2004年：岩手・もりおか啄木・賢治青春館　計35か所（11/35）,主催：浜松市美術館、プラハ国立美術館、アルフォンス・ミュシャ展開催委員会,有＊,1990年、ドイ文化事業室編（高島屋東京店含む21か所のもの＊）,企画協力：ドイ文化事業室,『アルフォンス・ミュシャ展：生誕150年記念』カタログ、『アルフォンス・ミュシャ作品集（新装版）』、『みんなのミュシャ：ミュシャからマンガへ／線の魔術』展カタログ、国立美術館データベース,
1990-okayama-01,アルフォンス・ミュシャ展：アール・ヌーヴォーの華／没後50年記念,1990,11/2-11/14,1990-11-02,天満屋岡山店,岡山県,計35か所（12/35）,計1989年：東京・高島屋東京店、京都・高島屋京都店、神奈川・横浜高島屋、北海道・北海道立近代美術館、岐阜・岐阜県美術館、熊本・熊本県立美術館、福岡・福岡市美術館　1990年：大阪・高島屋大阪展、広島・ひろしま美術館、山口・山口県立美術館、静岡・浜松市美術館、岡山・天満屋岡山店　1991年：長崎・長崎県立美術博物館、兵庫・そごう神戸店、鹿児島・鹿児島市立美術館、山形・山形美術館、新潟・新潟市立美術館、福岡・岩田屋、愛媛・いよてつそごう　1992年：大分・大分県立芸術会館、北海道・北海道立帯広美術館、北海道・北海道立函館美術館、愛知・名鉄百貨店、茨城・笠間日動美術館、石川・香林坊・大和　1993年：秋田・秋田市立千秋美術館、青森・弘前市立博物館、沖縄・那覇リウボウ　1994年：千葉・高島屋柏店、大阪・堺市博物館、宮崎・宮崎県立総合博物館　1997年：福岡・田川市美術館、長野・駒ヶ根高原美術館　2000年：兵庫・兵庫県立円山川公苑美術館　2004年：岩手・もりおか啄木・賢治青春館　35か所（12/35）,主催：プラハ国立美術館、アルフォンス・ミュシャ展開催委員会ほか＊,有＊,1990年、ドイ文化事業室編（高島屋東京店含む21か所のもの＊）,企画協力：ドイ文化事業室,『アルフォンス・ミュシャ展：生誕150年記念』カタログ、『アルフォンス・ミュシャ作品集（新装版）』、『みんなのミュシャ：ミュシャからマンガへ／線の魔術』展カタログ,
1991-nagasaki-01,アルフォンス・ミュシャ展：アール・ヌーヴォーの華／没後50年記念,1991,4/25-5/26,1991-04-25,長崎県立美術博物館,長崎県,計35か所（13/35）,1989年：東京・高島屋東京店、京都・高島屋京都店、神奈川・横浜高島屋、北海道・北海道立近代美術館、岐阜・岐阜県美術館、熊本・熊本県立美術館、福岡・福岡市美術館　1990年：大阪・高島屋大阪展、広島・ひろしま美術館、山口・山口県立美術館、静岡・浜松市美術館、岡山・天満屋岡山店　1991年：長崎・長崎県立美術博物館、兵庫・そごう神戸店、鹿児島・鹿児島市立美術館、山形・山形美術館、新潟・新潟市立美術館、福岡・岩田屋、愛媛・いよてつそごう　1992年：大分・大分県立芸術会館、北海道・北海道立帯広美術館、北海道・北海道立函館美術館、愛知・名鉄百貨店、茨城・笠間日動美術館、石川・香林坊・大和　1993年：秋田・秋田市立千秋美術館、青森・弘前市立博物館、沖縄・那覇リウボウ　1994年：千葉・高島屋柏店、大阪・堺市博物館、宮崎・宮崎県立総合博物館　1997年：福岡・田川市美術館、長野・駒ヶ根高原美術館　2000年：兵庫・兵庫県立円山川公苑美術館　2004年：岩手・もりおか啄木・賢治青春館　計35か所（13/35）,主催：長崎新聞社、プラハ国立美術館、アルフォンス・ミュシャ展開催委員会,有＊,1990年、ドイ文化事業室編（高島屋東京店含む21か所のもの＊）,企画協力：ドイ文化事業室,『アルフォンス・ミュシャ展：生誕150年記念』カタログ、『アルフォンス・ミュシャ作品集（新装版）』、『みんなのミュシャ：ミュシャからマンガへ／線の魔術』展カタログ、国立美術館データベース,
1991-sogo-01,アルフォンス・ミュシャ展：アール・ヌーヴォーの華／没後50年記念,1991,6/5-6/17,1991-06-05,そごう神戸店,兵庫県,計35か所（14/35）,計1989年：東京・高島屋東京店、京都・高島屋京都店、神奈川・横浜高島屋、北海道・北海道立近代美術館、岐阜・岐阜県美術館、熊本・熊本県立美術館、福岡・福岡市美術館　1990年：大阪・高島屋大阪展、広島・ひろしま美術館、山口・山口県立美術館、静岡・浜松市美術館、岡山・天満屋岡山店　1991年：長崎・長崎県立美術博物館、兵庫・そごう神戸店、鹿児島・鹿児島市立美術館、山形・山形美術館、新潟・新潟市立美術館、福岡・岩田屋、愛媛・いよてつそごう　1992年：大分・大分県立芸術会館、北海道・北海道立帯広美術館、北海道・北海道立函館美術館、愛知・名鉄百貨店、茨城・笠間日動美術館、石川・香林坊・大和　1993年：秋田・秋田市立千秋美術館、青森・弘前市立博物館、沖縄・那覇リウボウ　1994年：千葉・高島屋柏店、大阪・堺市博物館、宮崎・宮崎県立総合博物館　1997年：福岡・田川市美術館、長野・駒ヶ根高原美術館　2000年：兵庫・兵庫県立円山川公苑美術館　2004年：岩手・もりおか啄木・賢治青春館　35か所（14/35）,主催：プラハ国立美術館、アルフォンス・ミュシャ展開催委員会ほか＊,有＊,1990年、ドイ文化事業室編（高島屋東京店含む21か所のもの＊）,企画協力：ドイ文化事業室,『アルフォンス・ミュシャ展：生誕150年記念』カタログ、『アルフォンス・ミュシャ作品集（新装版）』、『みんなのミュシャ：ミュシャからマンガへ／線の魔術』展カタログ,
1991-kagoshima-01,アルフォンス・ミュシャ展：アール・ヌーヴォーの華／没後50年記念,1991,6/21-7/21,1991-06-21,鹿児島市立美術館,鹿児島県,計35か所（15/35）,1989年：東京・高島屋東京店、京都・高島屋京都店、神奈川・横浜高島屋、北海道・北海道立近代美術館、岐阜・岐阜県美術館、熊本・熊本県立美術館、福岡・福岡市美術館　1990年：大阪・高島屋大阪展、広島・ひろしま美術館、山口・山口県立美術館、静岡・浜松市美術館、岡山・天満屋岡山店　1991年：長崎・長崎県立美術博物館、兵庫・そごう神戸店、鹿児島・鹿児島市立美術館、山形・山形美術館、新潟・新潟市立美術館、福岡・岩田屋、愛媛・いよてつそごう　1992年：大分・大分県立芸術会館、北海道・北海道立帯広美術館、北海道・北海道立函館美術館、愛知・名鉄百貨店、茨城・笠間日動美術館、石川・香林坊・大和　1993年：秋田・秋田市立千秋美術館、青森・弘前市立博物館、沖縄・那覇リウボウ　1994年：千葉・高島屋柏店、大阪・堺市博物館、宮崎・宮崎県立総合博物館　1997年：福岡・田川市美術館、長野・駒ヶ根高原美術館　2000年：兵庫・兵庫県立円山川公苑美術館　2004年：岩手・もりおか啄木・賢治青春館　計35か所（15/35）,主催：鹿児島市立美術館、鹿児島市、鹿児島市教育委員会、鹿児島テレビ、プラハ国立美術館、アルフォンス・ミュシャ展開催委員会,有＊,1990年、ドイ文化事業室編（高島屋東京店含む21か所のもの＊）,企画協力：ドイ文化事業室,『アルフォンス・ミュシャ展：生誕150年記念』カタログ、『アルフォンス・ミュシャ作品集（新装版）』、『みんなのミュシャ：ミュシャからマンガへ／線の魔術』展カタログ、国立美術館データベース,
1991-yamagata-01,アルフォンス・ミュシャ展：アール・ヌーヴォーの華／没後50年記念,1991,7/27-8/25,1991-07-27,山形美術館,山形県,計35か所（16/35）,1989年：東京・高島屋東京店、京都・高島屋京都店、神奈川・横浜高島屋、北海道・北海道立近代美術館、岐阜・岐阜県美術館、熊本・熊本県立美術館、福岡・福岡市美術館　1990年：大阪・高島屋大阪展、広島・ひろしま美術館、山口・山口県立美術館、静岡・浜松市美術館、岡山・天満屋岡山店　1991年：長崎・長崎県立美術博物館、兵庫・そごう神戸店、鹿児島・鹿児島市立美術館、山形・山形美術館、新潟・新潟市立美術館、福岡・岩田屋、愛媛・いよてつそごう　1992年：大分・大分県立芸術会館、北海道・北海道立帯広美術館、北海道・北海道立函館美術館、愛知・名鉄百貨店、茨城・笠間日動美術館、石川・香林坊・大和　1993年：秋田・秋田市立千秋美術館、青森・弘前市立博物館、沖縄・那覇リウボウ　1994年：千葉・高島屋柏店、大阪・堺市博物館、宮崎・宮崎県立総合博物館　1997年：福岡・田川市美術館、長野・駒ヶ根高原美術館　2000年：兵庫・兵庫県立円山川公苑美術館　2004年：岩手・もりおか啄木・賢治青春館　計35か所（16/35）,主催：プラハ国立美術館、アルフォンス・ミュシャ展開催委員会ほか＊,有＊,1990年、ドイ文化事業室編（高島屋東京店含む21か所のもの＊）,企画協力：ドイ文化事業室,『アルフォンス・ミュシャ展：生誕150年記念』カタログ、『アルフォンス・ミュシャ作品集（新装版）』、『みんなのミュシャ：ミュシャからマンガへ／線の魔術』展カタログ,
1991-niigata-01,アルフォンス・ミュシャ展：アール・ヌーヴォーの華／没後50年記念,1991,9/13-10/20,1991-09-13,新潟市美術館,新潟県,計35か所（17/35）,1989年：東京・高島屋東京店、京都・高島屋京都店、神奈川・横浜高島屋、北海道・北海道立近代美術館、岐阜・岐阜県美術館、熊本・熊本県立美術館、福岡・福岡市美術館　1990年：大阪・高島屋大阪展、広島・ひろしま美術館、山口・山口県立美術館、静岡・浜松市美術館、岡山・天満屋岡山店　1991年：長崎・長崎県立美術博物館、兵庫・そごう神戸店、鹿児島・鹿児島市立美術館、山形・山形美術館、新潟・新潟市立美術館、福岡・岩田屋、愛媛・いよてつそごう　1992年：大分・大分県立芸術会館、北海道・北海道立帯広美術館、北海道・北海道立函館美術館、愛知・名鉄百貨店、茨城・笠間日動美術館、石川・香林坊・大和　1993年：秋田・秋田市立千秋美術館、青森・弘前市立博物館、沖縄・那覇リウボウ　1994年：千葉・高島屋柏店、大阪・堺市博物館、宮崎・宮崎県立総合博物館　1997年：福岡・田川市美術館、長野・駒ヶ根高原美術館　2000年：兵庫・兵庫県立円山川公苑美術館　2004年：岩手・もりおか啄木・賢治青春館　計35か所（17/35）,主催：新潟市美術館、プラハ国立美術館、アルフォンス・ミュシャ展開催委員会,有＊,1990年、ドイ文化事業室編（高島屋東京店含む21か所のもの＊）,企画協力：ドイ文化事業室,『アルフォンス・ミュシャ展：生誕150年記念』カタログ、『アルフォンス・ミュシャ作品集（新装版）』、『みんなのミュシャ：ミュシャからマンガへ／線の魔術』展カタログ、国立美術館データベース,
1991-iwataya-01,アルフォンス・ミュシャ展：アール・ヌーヴォーの華／没後50年記念,1991,10/30-11/10,1991-10-30,岩田屋　,福岡県,計35か所（18/35）,1989年：東京・高島屋東京店、京都・高島屋京都店、神奈川・横浜高島屋、北海道・北海道立近代美術館、岐阜・岐阜県美術館、熊本・熊本県立美術館、福岡・福岡市美術館　1990年：大阪・高島屋大阪展、広島・ひろしま美術館、山口・山口県立美術館、静岡・浜松市美術館、岡山・天満屋岡山店　1991年：長崎・長崎県立美術博物館、兵庫・そごう神戸店、鹿児島・鹿児島市立美術館、山形・山形美術館、新潟・新潟市立美術館、福岡・岩田屋、愛媛・いよてつそごう　1992年：大分・大分県立芸術会館、北海道・北海道立帯広美術館、北海道・北海道立函館美術館、愛知・名鉄百貨店、茨城・笠間日動美術館、石川・香林坊・大和　1993年：秋田・秋田市立千秋美術館、青森・弘前市立博物館、沖縄・那覇リウボウ　1994年：千葉・高島屋柏店、大阪・堺市博物館、宮崎・宮崎県立総合博物館　1997年：福岡・田川市美術館、長野・駒ヶ根高原美術館　2000年：兵庫・兵庫県立円山川公苑美術館　2004年：岩手・もりおか啄木・賢治青春館　計35か所（18/35）,主催：プラハ国立美術館、アルフォンス・ミュシャ展開催委員会ほか＊,有＊,1990年、ドイ文化事業室編（高島屋東京店含む21か所のもの＊）,企画協力：ドイ文化事業室,『アルフォンス・ミュシャ展：生誕150年記念』カタログ、『アルフォンス・ミュシャ作品集（新装版）』、『みんなのミュシャ：ミュシャからマンガへ／線の魔術』展カタログ,
1991-matsu-01,アルフォンス・ミュシャ展,1991,10/10-10/22,1991-10-10,松坂屋銀座店,東京都,計3か所（1/3）,1991年：東京・松坂屋銀座店、大阪・松坂屋大阪店、愛知・松坂屋美術館　計3か所（1/3）,"主催：アルフォンス・ミュシャ展実行委員会
後援：フランス大使館",有,1991年、ブレーントラスト編（3か所全てのもの）,パリ国立図書館版画室所蔵作品, 1991年『アルフォンス・ミュシャ展』カタログ、『アルフォンス・ミュシャ展：生誕150年記念』カタログ、国立新美術館データベース,
1991-matsu-02,アルフォンス・ミュシャ展,1991,10/31-11/5,1991-10-31,松坂屋大阪店,大阪府,計3か所（2/3）,1991年：東京・松坂屋銀座店、大阪・松坂屋大阪店、愛知・松坂屋美術館　計3か所（2/3）,"主催：アルフォンス・ミュシャ展実行委員会
後援：フランス大使館",有,1991年、ブレーントラスト編（3か所全てのもの）,パリ国立図書館版画室所蔵作品, 1991年『アルフォンス・ミュシャ展』カタログ、『アルフォンス・ミュシャ展：生誕150年記念』カタログ,
1991-sogo-02,アルフォンス・ミュシャ展：アール・ヌーヴォーの華／没後50年記念,1991,11/15-12/1,1991-11-15,いよてつそごう,愛媛県,計35か所（19/35）,1989年：東京・高島屋東京店、京都・高島屋京都店、神奈川・横浜高島屋、北海道・北海道立近代美術館、岐阜・岐阜県美術館、熊本・熊本県立美術館、福岡・福岡市美術館　1990年：大阪・高島屋大阪展、広島・ひろしま美術館、山口・山口県立美術館、静岡・浜松市美術館、岡山・天満屋岡山店　1991年：長崎・長崎県立美術博物館、兵庫・そごう神戸店、鹿児島・鹿児島市立美術館、山形・山形美術館、新潟・新潟市立美術館、福岡・岩田屋、愛媛・いよてつそごう　1992年：大分・大分県立芸術会館、北海道・北海道立帯広美術館、北海道・北海道立函館美術館、愛知・名鉄百貨店、茨城・笠間日動美術館、石川・香林坊・大和　1993年：秋田・秋田市立千秋美術館、青森・弘前市立博物館、沖縄・那覇リウボウ　1994年：千葉・高島屋柏店、大阪・堺市博物館、宮崎・宮崎県立総合博物館　1997年：福岡・田川市美術館、長野・駒ヶ根高原美術館　2000年：兵庫・兵庫県立円山川公苑美術館　2004年：岩手・もりおか啄木・賢治青春館　計35か所（19/35）,主催：プラハ国立美術館、アルフォンス・ミュシャ展開催委員会ほか＊,有＊,1990年、ドイ文化事業室編（高島屋東京店含む21か所のもの＊）,企画協力：ドイ文化事業室,『アルフォンス・ミュシャ展：生誕150年記念』カタログ、『アルフォンス・ミュシャ作品集（新装版）』、『みんなのミュシャ：ミュシャからマンガへ／線の魔術』展カタログ,
1991-albionart-01,アルフォンス・ミュシャ：ジャック・レナート・コレクション展,1991,＊,1991-12-31,アルビオン・アート・ギャラリー,福岡県,なし,なし,＊,有＊,1991年＊,,『アルフォンス・ミュシャ展：生誕150年記念』カタログ,
1992-matsu-01,アルフォンス・ミュシャ展,1992,1/4-1/21,1992-01-04,松坂屋美術館,愛知県,計3か所（3/3）,1991年：東京・松坂屋銀座店、大阪・松坂屋大阪店、愛知・松坂屋美術館　計3か所（3/3）,"主催：アルフォンス・ミュシャ展実行委員会
後援：フランス大使館",有,1991年、ブレーントラスト編（3か所全てのもの）,パリ国立図書館版画室所蔵作品, 1991年『アルフォンス・ミュシャ展』カタログ、『アルフォンス・ミュシャ展：生誕150年記念』カタログ、国立新美術館データベース,
1992-oita-01,アルフォンス・ミュシャ展：アール・ヌーヴォーの華／没後50年記念,1992,1/5-2/2,1992-01-05,大分県立芸術会館,大分県,計35か所（20/35）,1989年：東京・高島屋東京店、京都・高島屋京都店、神奈川・横浜高島屋、北海道・北海道立近代美術館、岐阜・岐阜県美術館、熊本・熊本県立美術館、福岡・福岡市美術館　1990年：大阪・高島屋大阪展、広島・ひろしま美術館、山口・山口県立美術館、静岡・浜松市美術館、岡山・天満屋岡山店　1991年：長崎・長崎県立美術博物館、兵庫・そごう神戸店、鹿児島・鹿児島市立美術館、山形・山形美術館、新潟・新潟市立美術館、福岡・岩田屋、愛媛・いよてつそごう　1992年：大分・大分県立芸術会館、北海道・北海道立帯広美術館、北海道・北海道立函館美術館、愛知・名鉄百貨店、茨城・笠間日動美術館、石川・香林坊・大和　1993年：秋田・秋田市立千秋美術館、青森・弘前市立博物館、沖縄・那覇リウボウ　1994年：千葉・高島屋柏店、大阪・堺市博物館、宮崎・宮崎県立総合博物館　1997年：福岡・田川市美術館、長野・駒ヶ根高原美術館　2000年：兵庫・兵庫県立円山川公苑美術館　2004年：岩手・もりおか啄木・賢治青春館　計35か所（20/35）,主催：大分県立芸術会館、大分県教育委員会、大分合同新聞社、プラハ国立美術館、アルフォンス・ミュシャ展開催委員会,有＊,1990年、ドイ文化事業室編（高島屋東京店含む21か所のもの＊）,企画協力：ドイ文化事業室,『アルフォンス・ミュシャ展：生誕150年記念』カタログ、『アルフォンス・ミュシャ作品集（新装版）』、『みんなのミュシャ：ミュシャからマンガへ／線の魔術』展カタログ、国立美術館データベース,
1992-hokkaido-01,アルフォンス・ミュシャ展：アール・ヌーヴォーの華／没後50年記念,1992,2/16-3/26,1992-02-16,北海道立帯広美術館,北海道,計35か所（21/35）,1989年：東京・高島屋東京店、京都・高島屋京都店、神奈川・横浜高島屋、北海道・北海道立近代美術館、岐阜・岐阜県美術館、熊本・熊本県立美術館、福岡・福岡市美術館　1990年：大阪・高島屋大阪展、広島・ひろしま美術館、山口・山口県立美術館、静岡・浜松市美術館、岡山・天満屋岡山店　1991年：長崎・長崎県立美術博物館、兵庫・そごう神戸店、鹿児島・鹿児島市立美術館、山形・山形美術館、新潟・新潟市立美術館、福岡・岩田屋、愛媛・いよてつそごう　1992年：大分・大分県立芸術会館、北海道・北海道立帯広美術館、北海道・北海道立函館美術館、愛知・名鉄百貨店、茨城・笠間日動美術館、石川・香林坊・大和　1993年：秋田・秋田市立千秋美術館、青森・弘前市立博物館、沖縄・那覇リウボウ　1994年：千葉・高島屋柏店、大阪・堺市博物館、宮崎・宮崎県立総合博物館　1997年：福岡・田川市美術館、長野・駒ヶ根高原美術館　2000年：兵庫・兵庫県立円山川公苑美術館　2004年：岩手・もりおか啄木・賢治青春館　計35か所（21/35）,主催：プラハ国立美術館、アルフォンス・ミュシャ展開催委員会ほか＊,有＊,1990年、ドイ文化事業室編（高島屋東京店含む21か所のもの＊）,企画協力：ドイ文化事業室,『アルフォンス・ミュシャ展：生誕150年記念』カタログ、『アルフォンス・ミュシャ作品集（新装版）』、『みんなのミュシャ：ミュシャからマンガへ／線の魔術』展カタログ,
1992-hokkaido-02,アルフォンス・ミュシャ展：アール・ヌーヴォーの華／没後50年記念,1992,4/4-5/17,1992-04-04,北海道立函館美術館,北海道,計35か所（22/35）,1989年：東京・高島屋東京店、京都・高島屋京都店、神奈川・横浜高島屋、北海道・北海道立近代美術館、岐阜・岐阜県美術館、熊本・熊本県立美術館、福岡・福岡市美術館　1990年：大阪・高島屋大阪展、広島・ひろしま美術館、山口・山口県立美術館、静岡・浜松市美術館、岡山・天満屋岡山店　1991年：長崎・長崎県立美術博物館、兵庫・そごう神戸店、鹿児島・鹿児島市立美術館、山形・山形美術館、新潟・新潟市立美術館、福岡・岩田屋、愛媛・いよてつそごう　1992年：大分・大分県立芸術会館、北海道・北海道立帯広美術館、北海道・北海道立函館美術館、愛知・名鉄百貨店、茨城・笠間日動美術館、石川・香林坊・大和　1993年：秋田・秋田市立千秋美術館、青森・弘前市立博物館、沖縄・那覇リウボウ　1994年：千葉・高島屋柏店、大阪・堺市博物館、宮崎・宮崎県立総合博物館　1997年：福岡・田川市美術館、長野・駒ヶ根高原美術館　2000年：兵庫・兵庫県立円山川公苑美術館　2004年：岩手・もりおか啄木・賢治青春館　計35か所（22/35）,主催：北海道立函館美術館、プラハ国立美術館、北海道新聞社、アルフォンス・ミュシャ展開催委員会,＊,＊,企画協力：ドイ文化事業室,『アルフォンス・ミュシャ展：生誕150年記念』カタログ、『アルフォンス・ミュシャ作品集（新装版）』、『みんなのミュシャ：ミュシャからマンガへ／線の魔術』展カタログ、国立美術館データベース,
1992-meitestu-01,アルフォンス・ミュシャ展：アール・ヌーヴォーの華／没後50年記念,1992,6/10-6/29＊,1992-06-10,名鉄百貨店,愛知県,計35か所（23/35）,1989年：東京・高島屋東京店、京都・高島屋京都店、神奈川・横浜高島屋、北海道・北海道立近代美術館、岐阜・岐阜県美術館、熊本・熊本県立美術館、福岡・福岡市美術館　1990年：大阪・高島屋大阪展、広島・ひろしま美術館、山口・山口県立美術館、静岡・浜松市美術館、岡山・天満屋岡山店　1991年：長崎・長崎県立美術博物館、兵庫・そごう神戸店、鹿児島・鹿児島市立美術館、山形・山形美術館、新潟・新潟市立美術館、福岡・岩田屋、愛媛・いよてつそごう　1992年：大分・大分県立芸術会館、北海道・北海道立帯広美術館、北海道・北海道立函館美術館、愛知・名鉄百貨店、茨城・笠間日動美術館、石川・香林坊・大和　1993年：秋田・秋田市立千秋美術館、青森・弘前市立博物館、沖縄・那覇リウボウ　1994年：千葉・高島屋柏店、大阪・堺市博物館、宮崎・宮崎県立総合博物館　1997年：福岡・田川市美術館、長野・駒ヶ根高原美術館　2000年：兵庫・兵庫県立円山川公苑美術館　2004年：岩手・もりおか啄木・賢治青春館　計35か所（23/35）,主催：プラハ国立美術館、アルフォンス・ミュシャ展開催委員会ほか＊,＊,＊,企画協力：ドイ文化事業室,『アルフォンス・ミュシャ展：生誕150年記念』カタログ、『アルフォンス・ミュシャ作品集（新装版）』、『みんなのミュシャ：ミュシャからマンガへ／線の魔術』展カタログ,
1992-kasama-01,アルフォンス・ミュシャ展：アール・ヌーヴォーの華／没後50年記念,1992,6/13-7/19,1992-06-13,笠間日動美術館,茨城県,計35か所（24/35）,1989年：東京・高島屋東京店、京都・高島屋京都店、神奈川・横浜高島屋、北海道・北海道立近代美術館、岐阜・岐阜県美術館、熊本・熊本県立美術館、福岡・福岡市美術館　1990年：大阪・高島屋大阪展、広島・ひろしま美術館、山口・山口県立美術館、静岡・浜松市美術館、岡山・天満屋岡山店　1991年：長崎・長崎県立美術博物館、兵庫・そごう神戸店、鹿児島・鹿児島市立美術館、山形・山形美術館、新潟・新潟市立美術館、福岡・岩田屋、愛媛・いよてつそごう　1992年：大分・大分県立芸術会館、北海道・北海道立帯広美術館、北海道・北海道立函館美術館、愛知・名鉄百貨店、茨城・笠間日動美術館、石川・香林坊・大和　1993年：秋田・秋田市立千秋美術館、青森・弘前市立博物館、沖縄・那覇リウボウ　1994年：千葉・高島屋柏店、大阪・堺市博物館、宮崎・宮崎県立総合博物館　1997年：福岡・田川市美術館、長野・駒ヶ根高原美術館　2000年：兵庫・兵庫県立円山川公苑美術館　2004年：岩手・もりおか啄木・賢治青春館　計35か所（24/35）,主催：日動美術財団笠間日動美術館、プラハ国立美術館、アルフォンス・ミュシャ展開催委員会,＊,＊,企画協力：ドイ文化事業室,『アルフォンス・ミュシャ展：生誕150年記念』カタログ、『アルフォンス・ミュシャ作品集（新装版）』、『みんなのミュシャ：ミュシャからマンガへ／線の魔術』展カタログ、国立美術館データベース,
1992-korinbo-01,アルフォンス・ミュシャ展：アール・ヌーヴォーの華／没後50年記念,1992,11/5-11/10,1992-11-05,香林坊・大和,石川県,計35か所（25/35）,1989年：東京・高島屋東京店、京都・高島屋京都店、神奈川・横浜高島屋、北海道・北海道立近代美術館、岐阜・岐阜県美術館、熊本・熊本県立美術館、福岡・福岡市美術館　1990年：大阪・高島屋大阪展、広島・ひろしま美術館、山口・山口県立美術館、静岡・浜松市美術館、岡山・天満屋岡山店　1991年：長崎・長崎県立美術博物館、兵庫・そごう神戸店、鹿児島・鹿児島市立美術館、山形・山形美術館、新潟・新潟市立美術館、福岡・岩田屋、愛媛・いよてつそごう　1992年：大分・大分県立芸術会館、北海道・北海道立帯広美術館、北海道・北海道立函館美術館、愛知・名鉄百貨店、茨城・笠間日動美術館、石川・香林坊・大和　1993年：秋田・秋田市立千秋美術館、青森・弘前市立博物館、沖縄・那覇リウボウ　1994年：千葉・高島屋柏店、大阪・堺市博物館、宮崎・宮崎県立総合博物館　1997年：福岡・田川市美術館、長野・駒ヶ根高原美術館　2000年：兵庫・兵庫県立円山川公苑美術館　2004年：岩手・もりおか啄木・賢治青春館　計35か所（25/35）,主催：プラハ国立美術館、アルフォンス・ミュシャ展開催委員会ほか＊,＊,＊,企画協力：ドイ文化事業室,『アルフォンス・ミュシャ展：生誕150年記念』カタログ、『アルフォンス・ミュシャ作品集（新装版）』、『みんなのミュシャ：ミュシャからマンガへ／線の魔術』展カタログ,
1993-akita-01,アルフォンス・ミュシャ展：アール・ヌーヴォーの華／没後50年記念,1993,4/15-5/19,1993-04-15,秋田市立千秋美術館,秋田県,計35か所（26/35）,1989年：東京・高島屋東京店、京都・高島屋京都店、神奈川・横浜高島屋、北海道・北海道立近代美術館、岐阜・岐阜県美術館、熊本・熊本県立美術館、福岡・福岡市美術館　1990年：大阪・高島屋大阪展、広島・ひろしま美術館、山口・山口県立美術館、静岡・浜松市美術館、岡山・天満屋岡山店　1991年：長崎・長崎県立美術博物館、兵庫・そごう神戸店、鹿児島・鹿児島市立美術館、山形・山形美術館、新潟・新潟市立美術館、福岡・岩田屋、愛媛・いよてつそごう　1992年：大分・大分県立芸術会館、北海道・北海道立帯広美術館、北海道・北海道立函館美術館、愛知・名鉄百貨店、茨城・笠間日動美術館、石川・香林坊・大和　1993年：秋田・秋田市立千秋美術館、青森・弘前市立博物館、沖縄・那覇リウボウ　1994年：千葉・高島屋柏店、大阪・堺市博物館、宮崎・宮崎県立総合博物館　1997年：福岡・田川市美術館、長野・駒ヶ根高原美術館　2000年：兵庫・兵庫県立円山川公苑美術館　2004年：岩手・もりおか啄木・賢治青春館　計35か所（26/35）,主催：秋田市立千秋美術館、秋田テレビ、プラハ国立美術館、アルフォンス・ミュシャ展開催委員会,＊,＊,企画協力：ドイ文化事業室,『アルフォンス・ミュシャ展：生誕150年記念』カタログ、『アルフォンス・ミュシャ作品集（新装版）』、『みんなのミュシャ：ミュシャからマンガへ／線の魔術』展カタログ、国立美術館データベース,
1993-hirosaki-01,アルフォンス・ミュシャ展：アール・ヌーヴォーの華／没後50年記念,1993,5/25-6/27,1993-05-25,弘前市立博物館,青森県,計35か所（27/35）,1989年：東京・高島屋東京店、京都・高島屋京都店、神奈川・横浜高島屋、北海道・北海道立近代美術館、岐阜・岐阜県美術館、熊本・熊本県立美術館、福岡・福岡市美術館　1990年：大阪・高島屋大阪展、広島・ひろしま美術館、山口・山口県立美術館、静岡・浜松市美術館、岡山・天満屋岡山店　1991年：長崎・長崎県立美術博物館、兵庫・そごう神戸店、鹿児島・鹿児島市立美術館、山形・山形美術館、新潟・新潟市立美術館、福岡・岩田屋、愛媛・いよてつそごう　1992年：大分・大分県立芸術会館、北海道・北海道立帯広美術館、北海道・北海道立函館美術館、愛知・名鉄百貨店、茨城・笠間日動美術館、石川・香林坊・大和　1993年：秋田・秋田市立千秋美術館、青森・弘前市立博物館、沖縄・那覇リウボウ　1994年：千葉・高島屋柏店、大阪・堺市博物館、宮崎・宮崎県立総合博物館　1997年：福岡・田川市美術館、長野・駒ヶ根高原美術館　2000年：兵庫・兵庫県立円山川公苑美術館　2004年：岩手・もりおか啄木・賢治青春館　計35か所（27/35）,主催：プラハ国立美術館、アルフォンス・ミュシャ展開催委員会ほか＊,＊,＊,企画協力：ドイ文化事業室,『アルフォンス・ミュシャ展：生誕150年記念』カタログ、『アルフォンス・ミュシャ作品集（新装版）』、『みんなのミュシャ：ミュシャからマンガへ／線の魔術』展カタログ,
1993-riubo-01,アルフォンス・ミュシャ展：アール・ヌーヴォーの華／没後50年記念,1993,10/6-10/18,1993-10-06,那覇リウボウ,沖縄県,計35か所（28/35）,1989年：東京・高島屋東京店、京都・高島屋京都店、神奈川・横浜高島屋、北海道・北海道立近代美術館、岐阜・岐阜県美術館、熊本・熊本県立美術館、福岡・福岡市美術館　1990年：大阪・高島屋大阪展、広島・ひろしま美術館、山口・山口県立美術館、静岡・浜松市美術館、岡山・天満屋岡山店　1991年：長崎・長崎県立美術博物館、兵庫・そごう神戸店、鹿児島・鹿児島市立美術館、山形・山形美術館、新潟・新潟市立美術館、福岡・岩田屋、愛媛・いよてつそごう　1992年：大分・大分県立芸術会館、北海道・北海道立帯広美術館、北海道・北海道立函館美術館、愛知・名鉄百貨店、茨城・笠間日動美術館、石川・香林坊・大和　1993年：秋田・秋田市立千秋美術館、青森・弘前市立博物館、沖縄・那覇リウボウ　1994年：千葉・高島屋柏店、大阪・堺市博物館、宮崎・宮崎県立総合博物館　1997年：福岡・田川市美術館、長野・駒ヶ根高原美術館　2000年：兵庫・兵庫県立円山川公苑美術館　2004年：岩手・もりおか啄木・賢治青春館　計35か所（28/35）,主催：プラハ国立美術館、アルフォンス・ミュシャ展開催委員会ほか＊,＊,＊,企画協力：ドイ文化事業室,『アルフォンス・ミュシャ展：生誕150年記念』カタログ、『アルフォンス・ミュシャ作品集（新装版）』、『みんなのミュシャ：ミュシャからマンガへ／線の魔術』展カタログ,
1994-takashima-01,アルフォンス・ミュシャ展：アール・ヌーヴォーの華／没後50年記念,1994,2/17-3/7,1994-02-17,高島屋柏店,千葉県,計35か所（29/35）,1989年：東京・高島屋東京店、京都・高島屋京都店、神奈川・横浜高島屋、北海道・北海道立近代美術館、岐阜・岐阜県美術館、熊本・熊本県立美術館、福岡・福岡市美術館　1990年：大阪・高島屋大阪展、広島・ひろしま美術館、山口・山口県立美術館、静岡・浜松市美術館、岡山・天満屋岡山店　1991年：長崎・長崎県立美術博物館、兵庫・そごう神戸店、鹿児島・鹿児島市立美術館、山形・山形美術館、新潟・新潟市立美術館、福岡・岩田屋、愛媛・いよてつそごう　1992年：大分・大分県立芸術会館、北海道・北海道立帯広美術館、北海道・北海道立函館美術館、愛知・名鉄百貨店、茨城・笠間日動美術館、石川・香林坊・大和　1993年：秋田・秋田市立千秋美術館、青森・弘前市立博物館、沖縄・那覇リウボウ　1994年：千葉・高島屋柏店、大阪・堺市博物館、宮崎・宮崎県立総合博物館　1997年：福岡・田川市美術館、長野・駒ヶ根高原美術館　2000年：兵庫・兵庫県立円山川公苑美術館　2004年：岩手・もりおか啄木・賢治青春館　計35か所（29/35）,主催：プラハ国立美術館、アルフォンス・ミュシャ展開催委員会ほか＊,＊,＊,企画協力：ドイ文化事業室,『アルフォンス・ミュシャ展：生誕150年記念』カタログ、『アルフォンス・ミュシャ作品集（新装版）』、『みんなのミュシャ：ミュシャからマンガへ／線の魔術』展カタログ,
1994-sakai-01,アルフォンス・ミュシャ展：アール・ヌーヴォーの華／没後50年記念,1994,4/9-5/22,1994-04-09,堺市博物館,大阪府,計35か所（30/35）,1989年：東京・高島屋東京店、京都・高島屋京都店、神奈川・横浜高島屋、北海道・北海道立近代美術館、岐阜・岐阜県美術館、熊本・熊本県立美術館、福岡・福岡市美術館　1990年：大阪・高島屋大阪展、広島・ひろしま美術館、山口・山口県立美術館、静岡・浜松市美術館、岡山・天満屋岡山店　1991年：長崎・長崎県立美術博物館、兵庫・そごう神戸店、鹿児島・鹿児島市立美術館、山形・山形美術館、新潟・新潟市立美術館、福岡・岩田屋、愛媛・いよてつそごう　1992年：大分・大分県立芸術会館、北海道・北海道立帯広美術館、北海道・北海道立函館美術館、愛知・名鉄百貨店、茨城・笠間日動美術館、石川・香林坊・大和　1993年：秋田・秋田市立千秋美術館、青森・弘前市立博物館、沖縄・那覇リウボウ　1994年：千葉・高島屋柏店、大阪・堺市博物館、宮崎・宮崎県立総合博物館　1997年：福岡・田川市美術館、長野・駒ヶ根高原美術館　2000年：兵庫・兵庫県立円山川公苑美術館　2004年：岩手・もりおか啄木・賢治青春館　計35か所（30/35）,主催：プラハ国立美術館、アルフォンス・ミュシャ展開催委員会ほか＊,＊,＊,企画協力：ドイ文化事業室,『アルフォンス・ミュシャ展：生誕150年記念』カタログ、『アルフォンス・ミュシャ作品集（新装版）』、『みんなのミュシャ：ミュシャからマンガへ／線の魔術』展カタログ,
1994-miyazaki-01,アルフォンス・ミュシャ展：アール・ヌーヴォーの華／没後50年記念,1994,5/28-7/10,1994-05-28,宮崎県立総合博物館,宮崎県,計35か所（31/35）,1989年：東京・高島屋東京店、京都・高島屋京都店、神奈川・横浜高島屋、北海道・北海道立近代美術館、岐阜・岐阜県美術館、熊本・熊本県立美術館、福岡・福岡市美術館　1990年：大阪・高島屋大阪展、広島・ひろしま美術館、山口・山口県立美術館、静岡・浜松市美術館、岡山・天満屋岡山店　1991年：長崎・長崎県立美術博物館、兵庫・そごう神戸店、鹿児島・鹿児島市立美術館、山形・山形美術館、新潟・新潟市立美術館、福岡・岩田屋、愛媛・いよてつそごう　1992年：大分・大分県立芸術会館、北海道・北海道立帯広美術館、北海道・北海道立函館美術館、愛知・名鉄百貨店、茨城・笠間日動美術館、石川・香林坊・大和　1993年：秋田・秋田市立千秋美術館、青森・弘前市立博物館、沖縄・那覇リウボウ　1994年：千葉・高島屋柏店、大阪・堺市博物館、宮崎・宮崎県立総合博物館　1997年：福岡・田川市美術館、長野・駒ヶ根高原美術館　2000年：兵庫・兵庫県立円山川公苑美術館　2004年：岩手・もりおか啄木・賢治青春館　計35か所（31/35）,主催：プラハ国立美術館、アルフォンス・ミュシャ展開催委員会ほか＊,＊,＊,企画協力：ドイ文化事業室,『アルフォンス・ミュシャ展：生誕150年記念』カタログ、『アルフォンス・ミュシャ作品集（新装版）』、『みんなのミュシャ：ミュシャからマンガへ／線の魔術』展カタログ,
1995-bunkamura-01,アルフォンス・ミュシャ「生涯と芸術」展,1995,10/7-11/26,1995-10-07,Bunkamuraザ・ミュージアム,東京都,計10か所（1/10）,1995年：東京・Bunkamuraザ・ミュージアム、京都・高島屋京都店　1996年：山口・下関市立美術館、千葉・千葉県立美術館、高知・高知県立美術館、北海道・北見文化センター、大阪・大丸ミュージアム梅田、愛知・電化文化会館、福島・郡山市立美術館　1997年：神奈川・そごう美術館　計10か所（1/10）,主催：Bunkamura、ミュシャ財団、東京新聞、アルフォンス・ミュシャ展開催委員会,有,1995年、アルフォンス・ミュシャ展実行委員会編、東京新聞発行（10か所全てのもの）,,『アルフォンス・ミュシャ展：生誕150年記念』カタログ、『みんなのミュシャ：ミュシャからマンガへ／線の魔術』展カタログ、国立新美術館データベース、Mucha Foundation公式サイト,
1995-takashima-01,アルフォンス・ミュシャ「生涯と芸術」展,1995,11/30-12/19,1995-11-30,高島屋京都店,京都府,計10か所（2/10）,計10か所（2/10）,主催：ミュシャ財団、アルフォンス・ミュシャ展開催委員会ほか＊,有,1995年、アルフォンス・ミュシャ展実行委員会編、東京新聞発行（10か所全てのもの）,,『アルフォンス・ミュシャ展：生誕150年記念』カタログ、『みんなのミュシャ：ミュシャからマンガへ／線の魔術』展カタログ、Mucha Foundation公式サイト,
1996-shimonoseki-01,アルフォンス・ミュシャ「生涯と芸術」展,1996,2/23-4/7,1996-02-23,下関市立美術館,山口県,計10か所（3/10）,計10か所（3/10）,主催：下関市立美術館、ミュシャ財団、毎日新聞社、テレビ山口、毎日放送、アルフォンス・ミュシャ展開催委員会,有,1995年、アルフォンス・ミュシャ展実行委員会編、東京新聞発行（10か所全てのもの）,,『アルフォンス・ミュシャ展：生誕150年記念』カタログ、『みんなのミュシャ：ミュシャからマンガへ／線の魔術』展カタログ、国立新美術館データベース、Mucha Foundation公式サイト,
1996-chiba-01,アルフォンス・ミュシャ「生涯と芸術」展,1996,5/18-6/23,1996-05-18,千葉県立美術館,千葉県,計10か所（4/10）,計10か所（4/10）,主催：千葉県立美術館、ミュシャ財団、東京新聞、アルフォンス・ミュシャ展開催委員会,有,1995年、アルフォンス・ミュシャ展実行委員会編、東京新聞発行（10か所全てのもの）,,『アルフォンス・ミュシャ展：生誕150年記念』カタログ、『みんなのミュシャ：ミュシャからマンガへ／線の魔術』展カタログ、国立新美術館データベース、Mucha Foundation公式サイト,
1996-kochi-01,アルフォンス・ミュシャ「生涯と芸術」展,1996,6/28-8/5,1996-06-28,高知県立美術館,高知県,計10か所（5/10）,計10か所（5/10）,主催：高知県立美術館、ミュシャ財団、高知新聞社、NHK高知放送局、アルフォンス・ミュシャ展開催委員会,有,1995年、アルフォンス・ミュシャ展実行委員会編、東京新聞発行（10か所全てのもの）,,『アルフォンス・ミュシャ展：生誕150年記念』カタログ、『みんなのミュシャ：ミュシャからマンガへ／線の魔術』展カタログ、国立新美術館データベース、Mucha Foundation公式サイト,
1996-hokkaido-01,アルフォンス・ミュシャ「生涯と芸術」展,1996,8/10-8/30,1996-08-10,北見文化センター,北海道,計10か所（6/10）,計10か所（6/10）,主催：ミュシャ財団、アルフォンス・ミュシャ展開催委員会ほか＊,有,1995年、アルフォンス・ミュシャ展実行委員会編、東京新聞発行（10か所全てのもの）,,『アルフォンス・ミュシャ展：生誕150年記念』カタログ、『みんなのミュシャ：ミュシャからマンガへ／線の魔術』展カタログ、Mucha Foundation公式サイト,
1996-daimaru-01,アルフォンス・ミュシャ「生涯と芸術」展,1996,9/4-9/23,1996-09-04,大丸ミュージアム梅田,大阪府,計10か所（7/10）,計10か所（7/10）,主催：ミュシャ財団、産経新聞社、関西テレビ放送、アルフォンス・ミュシャ展開催委員会,有,1995年、アルフォンス・ミュシャ展実行委員会編、東京新聞発行（10か所全てのもの）,,『アルフォンス・ミュシャ展：生誕150年記念』カタログ、『みんなのミュシャ：ミュシャからマンガへ／線の魔術』展カタログ、国立新美術館データベース、Mucha Foundation公式サイト,
1996-denki-01,アルフォンス・ミュシャ「生涯と芸術」展,1996,9/27-10/10,1996-09-27,電化文化会館,愛知県,計10か所（8/10）,計10か所（8/10）,主催：ミュシャ財団、アルフォンス・ミュシャ展開催委員会ほか＊,有,1995年、アルフォンス・ミュシャ展実行委員会編、東京新聞発行（10か所全てのもの）,,『アルフォンス・ミュシャ展：生誕150年記念』カタログ、『みんなのミュシャ：ミュシャからマンガへ／線の魔術』展カタログ、Mucha Foundation公式サイト,
1996-koriyama-01,アルフォンス・ミュシャ「生涯と芸術」展,1996,11/16-12/23,1996-11-16,郡山市立美術館,福島県,計10か所（9/10）,計10か所（9/10）,主催：郡山市立美術館、ミュシャ財団、東京新聞、アルフォンス・ミュシャ展開催委員会,有,1995年、アルフォンス・ミュシャ展実行委員会編、東京新聞発行（10か所全てのもの）,,『アルフォンス・ミュシャ展：生誕150年記念』カタログ、『みんなのミュシャ：ミュシャからマンガへ／線の魔術』展カタログ、国立新美術館データベース、Mucha Foundation公式サイト,
1997-sogo-01,アルフォンス・ミュシャ「生涯と芸術」展,1997,1/2-2/2,1997-01-02,そごう美術館,神奈川県,計10か所（10/10）,計10か所（10/10）,主催：財団法人そごう美術館、ミュシャ財団、東京新聞、アルフォンス・ミュシャ展開催委員会,有,1995年、アルフォンス・ミュシャ展実行委員会編、東京新聞発行（10か所全てのもの）,,『アルフォンス・ミュシャ展：生誕150年記念』カタログ、『みんなのミュシャ：ミュシャからマンガへ／線の魔術』展カタログ、国立新美術館データベース、Mucha Foundation公式サイト,
1997-tagawa-01,アルフォンス・ミュシャ展：アール・ヌーヴォーの華／没後50年記念,1997,4/10-5/11,1997-04-10,田川市美術館,福岡県,計35か所（32/35）,1989年：東京・高島屋東京店、京都・高島屋京都店、神奈川・横浜高島屋、北海道・北海道立近代美術館、岐阜・岐阜県美術館、熊本・熊本県立美術館、福岡・福岡市美術館　1990年：大阪・高島屋大阪展、広島・ひろしま美術館、山口・山口県立美術館、静岡・浜松市美術館、岡山・天満屋岡山店　1991年：長崎・長崎県立美術博物館、兵庫・そごう神戸店、鹿児島・鹿児島市立美術館、山形・山形美術館、新潟・新潟市立美術館、福岡・岩田屋、愛媛・いよてつそごう　1992年：大分・大分県立芸術会館、北海道・北海道立帯広美術館、北海道・北海道立函館美術館、愛知・名鉄百貨店、茨城・笠間日動美術館、石川・香林坊・大和　1993年：秋田・秋田市立千秋美術館、青森・弘前市立博物館、沖縄・那覇リウボウ　1994年：千葉・高島屋柏店、大阪・堺市博物館、宮崎・宮崎県立総合博物館　1997年：福岡・田川市美術館、長野・駒ヶ根高原美術館　2000年：兵庫・兵庫県立円山川公苑美術館　2004年：岩手・もりおか啄木・賢治青春館　計35か所（32/35）,主催：田川市美術館ほか＊,＊,＊,企画協力：ドイ文化事業室,『みんなのミュシャ：ミュシャからマンガへ／線の魔術』展カタログ、国立新美術館データベース,
1997-komagane-01,アルフォンス・ミュシャ展：アール・ヌーヴォーの華／没後50年記念,1997,＊,1997-12-31,駒ヶ根高原美術館,長野県,計35か所（33/35）,1989年：東京・高島屋東京店、京都・高島屋京都店、神奈川・横浜高島屋、北海道・北海道立近代美術館、岐阜・岐阜県美術館、熊本・熊本県立美術館、福岡・福岡市美術館　1990年：大阪・高島屋大阪展、広島・ひろしま美術館、山口・山口県立美術館、静岡・浜松市美術館、岡山・天満屋岡山店　1991年：長崎・長崎県立美術博物館、兵庫・そごう神戸店、鹿児島・鹿児島市立美術館、山形・山形美術館、新潟・新潟市立美術館、福岡・岩田屋、愛媛・いよてつそごう　1992年：大分・大分県立芸術会館、北海道・北海道立帯広美術館、北海道・北海道立函館美術館、愛知・名鉄百貨店、茨城・笠間日動美術館、石川・香林坊・大和　1993年：秋田・秋田市立千秋美術館、青森・弘前市立博物館、沖縄・那覇リウボウ　1994年：千葉・高島屋柏店、大阪・堺市博物館、宮崎・宮崎県立総合博物館　1997年：福岡・田川市美術館、長野・駒ヶ根高原美術館　2000年：兵庫・兵庫県立円山川公苑美術館　2004年：岩手・もりおか啄木・賢治青春館　計35か所（33/35）,＊,＊,＊,企画協力：ドイ文化事業室,『みんなのミュシャ：ミュシャからマンガへ／線の魔術』展カタログ,
1999-rumine-01,ミュシャが愛した光と時代展,1999,＊,1999-12-30,新宿ルミネ2,東京都,計8か所（1/8）,1999年：東京・新宿ルミネ2、静岡・浜松フォルテ　2000年：大阪・TWIN21、岡山・高島屋、広島・基町クレド、東京・ホテルオークラ、栃木・宇都宮マロニエ、神奈川・横浜新都市　計8か所（1/8）,＊,有,1999年、ミュシャ展実行委員会編、アートコレクションハウス発行（8か所全てのもの）,ミュシャが撮影した写真を紹介した展覧会,『アルフォンス・ミュシャ展：生誕150年記念』カタログ、『みんなのミュシャ：ミュシャからマンガへ／線の魔術』展カタログ,
1999-forte-01,ミュシャが愛した光と時代展,1999,＊,1999-12-31,浜松フォルテ,静岡県,計8か所（2/8）,1999年：東京・新宿ルミネ2、静岡・浜松フォルテ　2000年：大阪・TWIN21、岡山・高島屋、広島・基町クレド、東京・ホテルオークラ、栃木・宇都宮マロニエ、神奈川・横浜新都市　計8か所（2/8）,＊,有,1999年、ミュシャ展実行委員会編、アートコレクションハウス発行（8か所全てのもの）,ミュシャが撮影した写真を紹介した展覧会,『アルフォンス・ミュシャ展：生誕150年記念』カタログ、『みんなのミュシャ：ミュシャからマンガへ／線の魔術』展カタログ,
2000-twin-01,ミュシャが愛した光と時代展,2000,＊,2000-12-25,TWIN21,大阪府,計8か所（3/8）,1999年：東京・新宿ルミネ2、静岡・浜松フォルテ　2000年：大阪・TWIN21、岡山・高島屋、広島・基町クレド、東京・ホテルオークラ、栃木・宇都宮マロニエ、神奈川・横浜新都市　計8か所（3/8）,＊,有,1999年、ミュシャ展実行委員会編、アートコレクションハウス発行（8か所全てのもの）,ミュシャが撮影した写真を紹介した展覧会,『アルフォンス・ミュシャ展：生誕150年記念』カタログ、『みんなのミュシャ：ミュシャからマンガへ／線の魔術』展カタログ,
2000-takashima-01,ミュシャが愛した光と時代展,2000,＊,2000-12-26,高島屋,岡山県,計8か所（4/8）,1999年：東京・新宿ルミネ2、静岡・浜松フォルテ　2000年：大阪・TWIN21、岡山・高島屋、広島・基町クレド、東京・ホテルオークラ、栃木・宇都宮マロニエ、神奈川・横浜新都市　計8か所（4/8）,＊,有,1999年、ミュシャ展実行委員会編、アートコレクションハウス発行（8か所全てのもの）,ミュシャが撮影した写真を紹介した展覧会,『アルフォンス・ミュシャ展：生誕150年記念』カタログ、『みんなのミュシャ：ミュシャからマンガへ／線の魔術』展カタログ,
2000-cred-01,ミュシャが愛した光と時代展,2000,＊,2000-12-27,基町クレド,広島県,計8か所（5/8）,1999年：東京・新宿ルミネ2、静岡・浜松フォルテ　2000年：大阪・TWIN21、岡山・高島屋、広島・基町クレド、東京・ホテルオークラ、栃木・宇都宮マロニエ、神奈川・横浜新都市　計8か所（5/8）,＊,有,1999年、ミュシャ展実行委員会編、アートコレクションハウス発行（8か所全てのもの）,ミュシャが撮影した写真を紹介した展覧会,『アルフォンス・ミュシャ展：生誕150年記念』カタログ、『みんなのミュシャ：ミュシャからマンガへ／線の魔術』展カタログ,
2000-hotelokura-01,ミュシャが愛した光と時代展,2000,＊,2000-12-28,ホテルオークラ,東京都,計8か所（6/8）,1999年：東京・新宿ルミネ2、静岡・浜松フォルテ　2000年：大阪・TWIN21、岡山・高島屋、広島・基町クレド、東京・ホテルオークラ、栃木・宇都宮マロニエ、神奈川・横浜新都市　計8か所（6/8）,＊,有,1999年、ミュシャ展実行委員会編、アートコレクションハウス発行（8か所全てのもの）,ミュシャが撮影した写真を紹介した展覧会,『アルフォンス・ミュシャ展：生誕150年記念』カタログ、『みんなのミュシャ：ミュシャからマンガへ／線の魔術』展カタログ,
2000-maronie-01,ミュシャが愛した光と時代展,2000,＊,2000-12-29,宇都宮マロニエ,栃木県,計8か所（7/8）,1999年：東京・新宿ルミネ2、静岡・浜松フォルテ　2000年：大阪・TWIN21、岡山・高島屋、広島・基町クレド、東京・ホテルオークラ、栃木・宇都宮マロニエ、神奈川・横浜新都市　計8か所（7/8）,＊,有,1999年、ミュシャ展実行委員会編、アートコレクションハウス発行（8か所全てのもの）,ミュシャが撮影した写真を紹介した展覧会,『アルフォンス・ミュシャ展：生誕150年記念』カタログ、『みんなのミュシャ：ミュシャからマンガへ／線の魔術』展カタログ,
2000-yokohama-01,ミュシャが愛した光と時代展,2000,＊,2000-12-30,横浜新都市,神奈川県,計8か所（8/8）,1999年：東京・新宿ルミネ2、静岡・浜松フォルテ　2000年：大阪・TWIN21、岡山・高島屋、広島・基町クレド、東京・ホテルオークラ、栃木・宇都宮マロニエ、神奈川・横浜新都市　計8か所（8/8）,＊,有,1999年、ミュシャ展実行委員会編、アートコレクションハウス発行（8か所全てのもの）,ミュシャが撮影した写真を紹介した展覧会,『アルフォンス・ミュシャ展：生誕150年記念』カタログ、『みんなのミュシャ：ミュシャからマンガへ／線の魔術』展カタログ,
2000-hyogo-01,アルフォンス・ミュシャ展：アール・ヌーヴォーの華／没後50年記念,2000,＊-2001/1/8,2000-12-31,兵庫県立円山川公苑美術館,兵庫県,計35か所（34/35）,1989年：東京・高島屋東京店、京都・高島屋京都店、神奈川・横浜高島屋、北海道・北海道立近代美術館、岐阜・岐阜県美術館、熊本・熊本県立美術館、福岡・福岡市美術館　1990年：大阪・高島屋大阪展、広島・ひろしま美術館、山口・山口県立美術館、静岡・浜松市美術館、岡山・天満屋岡山店　1991年：長崎・長崎県立美術博物館、兵庫・そごう神戸店、鹿児島・鹿児島市立美術館、山形・山形美術館、新潟・新潟市立美術館、福岡・岩田屋、愛媛・いよてつそごう　1992年：大分・大分県立芸術会館、北海道・北海道立帯広美術館、北海道・北海道立函館美術館、愛知・名鉄百貨店、茨城・笠間日動美術館、石川・香林坊・大和　1993年：秋田・秋田市立千秋美術館、青森・弘前市立博物館、沖縄・那覇リウボウ　1994年：千葉・高島屋柏店、大阪・堺市博物館、宮崎・宮崎県立総合博物館　1997年：福岡・田川市美術館、長野・駒ヶ根高原美術館　2000年：兵庫・兵庫県立円山川公苑美術館　2004年：岩手・もりおか啄木・賢治青春館　計35か所（34/35）,＊,＊,＊,企画協力：ドイ文化事業室,『みんなのミュシャ：ミュシャからマンガへ／線の魔術』展カタログ、朝日新聞2000年11月10日朝刊「ミュージアム　質高く地域密着も（週末ガイド）／兵庫」,
2003-bunkamura-01,アルフォンス・ミュシャ展：世紀末の華,2003,6/5-6/17,2003-06-05,Bunkamura Gallery,東京都,なし,なし,＊,＊,＊,,毎日新聞2003年6月4日地方版「［見る］ギャラリー」ページ,
2004-takamatsu-01,ミュシャ展：プラハからパリへ／華麗なるアール・ヌーヴォーの誕生／ミュシャ財団秘蔵,2004,11/3-12/12,2004-11-03,高松市美術館,香川県,計6か所（1/6）,2005年：香川・高松市美術館、東京・東京都美術館、愛知・松坂屋美術館、静岡・浜松市美術館、島根・島根県立美術館、大阪・サントリーミュージアム［天保山］　計6か所（1/6）,"主催：高松市美術館、ミュシャ財団、NTVヨーロッパ、西日本放送、読売新聞社
後援：外務省、文化庁、チェコ共和国大使館",有,2004年、千足伸行、河合晴生監修、日本テレビ放送網発行（6か所全てのもの）,240点のうち106点の日本初公開作品,2004年『ミュシャ展：プラハからパリへ／華麗なるアール・ヌーヴォーの誕生／ミュシャ財団秘蔵』カタログ、『アルフォンス・ミュシャ展：生誕150年記念』カタログ、『みんなのミュシャ：ミュシャからマンガへ／線の魔術』展カタログ、国立新美術館データベース、Mucha Foundation公式サイト、Tokyo Art Beatのサイト,
2004-morioka-01,アルフォンス・ミュシャ展：アール・ヌーヴォーの華／没後50年記念,2004,＊,2004-12-31,もりおか啄木・賢治青春館,岩手県,計35か所（35/35）,1989年：東京・高島屋東京店、京都・高島屋京都店、神奈川・横浜高島屋、北海道・北海道立近代美術館、岐阜・岐阜県美術館、熊本・熊本県立美術館、福岡・福岡市美術館　1990年：大阪・高島屋大阪展、広島・ひろしま美術館、山口・山口県立美術館、静岡・浜松市美術館、岡山・天満屋岡山店　1991年：長崎・長崎県立美術博物館、兵庫・そごう神戸店、鹿児島・鹿児島市立美術館、山形・山形美術館、新潟・新潟市立美術館、福岡・岩田屋、愛媛・いよてつそごう　1992年：大分・大分県立芸術会館、北海道・北海道立帯広美術館、北海道・北海道立函館美術館、愛知・名鉄百貨店、茨城・笠間日動美術館、石川・香林坊・大和　1993年：秋田・秋田市立千秋美術館、青森・弘前市立博物館、沖縄・那覇リウボウ　1994年：千葉・高島屋柏店、大阪・堺市博物館、宮崎・宮崎県立総合博物館　1997年：福岡・田川市美術館、長野・駒ヶ根高原美術館　2000年：兵庫・兵庫県立円山川公苑美術館　2004年：岩手・もりおか啄木・賢治青春館　計35か所（35/35）,＊,＊,＊,企画協力：ドイ文化事業室,『みんなのミュシャ：ミュシャからマンガへ／線の魔術』展カタログ,
2005-kitte-01,<ミュシャ>プラハ城切手展,2005,1/26-1/30,2005-01-26,切手の博物館,東京都,なし,なし,主催：切手の博物館,＊,＊,,国立新美術館アートコモンズ,
2005-tobikan-01,ミュシャ展：プラハからパリへ／華麗なるアール・ヌーヴォーの誕生／ミュシャ財団秘蔵,2005,1/27-3/27,2005-01-27,東京都美術館,東京都,計6か所（2/6）,2005年：香川・高松市美術館、東京・東京都美術館、愛知・松坂屋美術館、静岡・浜松市美術館、島根・島根県立美術館、大阪・サントリーミュージアム［天保山］　計6か所（2/6）,"主催：東京都美術館、ミュシャ財団、日本テレビ放送網、NTVヨーロッパ、読売新聞社
後援：外務省、文化庁、チェコ共和国大使館、ラジオ日本、TOKYO FM、文化放送",有,2004年、千足伸行、河合晴生監修、日本テレビ放送網発行（6か所全てのもの）,240点のうち106点の日本初公開作品,2004年『ミュシャ展：プラハからパリへ／華麗なるアール・ヌーヴォーの誕生／ミュシャ財団秘蔵』カタログ、『アルフォンス・ミュシャ展：生誕150年記念』カタログ、『みんなのミュシャ：ミュシャからマンガへ／線の魔術』展カタログ、国立新美術館データベース、Mucha Foundation公式サイト,
2005-matsu-01,ミュシャ展：プラハからパリへ／華麗なるアール・ヌーヴォーの誕生／ミュシャ財団秘蔵,2005,4/27-5/22,2005-04-27,松坂屋美術館,愛知県,計6か所（3/6）,2005年：香川・高松市美術館、東京・東京都美術館、愛知・松坂屋美術館、静岡・浜松市美術館、島根・島根県立美術館、大阪・サントリーミュージアム［天保山］　計6か所（3/6）,"主催：松坂屋美術館、ミュシャ財団、中京テレビ放送、NTVヨーロッパ、読売新聞社
後援：外務省、文化庁、チェコ共和国大使館",有,2004年、千足伸行、河合晴生監修、日本テレビ放送網発行（6か所全てのもの）,240点のうち106点の日本初公開作品,2004年『ミュシャ展：プラハからパリへ／華麗なるアール・ヌーヴォーの誕生／ミュシャ財団秘蔵』カタログ、『アルフォンス・ミュシャ展：生誕150年記念』カタログ、『みんなのミュシャ：ミュシャからマンガへ／線の魔術』展カタログ、国立新美術館データベース、Mucha Foundation公式サイト,
2005-hamamatsu-01,ミュシャ展：プラハからパリへ／華麗なるアール・ヌーヴォーの誕生／ミュシャ財団秘蔵,2005,6/10-8/28,2005-06-10,浜松市美術館,静岡県,計6か所（4/6）,2005年：香川・高松市美術館、東京・東京都美術館、愛知・松坂屋美術館、静岡・浜松市美術館、島根・島根県立美術館、大阪・サントリーミュージアム［天保山］　計6か所（4/6）,"主催：浜松市美術館、ミュシャ財団、静岡第一テレビ、NTVヨーロッパ、読売新聞社
後援：外務省、文化庁、チェコ共和国大使館",有,2004年、千足伸行、河合晴生監修、日本テレビ放送網発行（6か所全てのもの）,240点のうち106点の日本初公開作品,2004年『ミュシャ展：プラハからパリへ／華麗なるアール・ヌーヴォーの誕生／ミュシャ財団秘蔵』カタログ、『アルフォンス・ミュシャ展：生誕150年記念』カタログ、『みんなのミュシャ：ミュシャからマンガへ／線の魔術』展カタログ、国立新美術館データベース、国立新美術館アートコモンズ、Mucha Foundation公式サイト,
2005-shimane-01,ミュシャ展：プラハからパリへ／華麗なるアール・ヌーヴォーの誕生／ミュシャ財団秘蔵,2005,9/16-11/6,2005-09-16,島根県立美術館,島根県,計6か所（5/6）,2005年：香川・高松市美術館、東京・東京都美術館、愛知・松坂屋美術館、静岡・浜松市美術館、島根・島根県立美術館、大阪・サントリーミュージアム［天保山］　計6か所（5/6）,"主催：島根県立美術館、ミュシャ財団、日本海テレビ、NTVヨーロッパ、読売新聞社
後援：外務省、文化庁、チェコ共和国大使館",有,2004年、千足伸行、河合晴生監修、日本テレビ放送網発行（6か所全てのもの）,240点のうち106点の日本初公開作品,2004年『ミュシャ展：プラハからパリへ／華麗なるアール・ヌーヴォーの誕生／ミュシャ財団秘蔵』カタログ、『アルフォンス・ミュシャ展：生誕150年記念』カタログ、『みんなのミュシャ：ミュシャからマンガへ／線の魔術』展カタログ、国立新美術館データベース、国立新美術館アートコモンズ、Mucha Foundation公式サイト,
2005-suntory-01,ミュシャ展：プラハからパリへ／華麗なるアール・ヌーヴォーの誕生／ミュシャ財団秘蔵,2005,11/19-1/29,2005-11-19,サントリーミュージアム［天保山］,大阪府,計6か所（6/6）,2005年：香川・高松市美術館、東京・東京都美術館、愛知・松坂屋美術館、静岡・浜松市美術館、島根・島根県立美術館、大阪・サントリーミュージアム［天保山］　計6か所（6/6）,"主催：サントリーミュージアム［天保山］、ミュシャ財団、NTVヨーロッパ、読売テレビ、読売新聞社
後援：外務省、文化庁、チェコ共和国大使館",有,2004年、千足伸行、河合晴生監修、日本テレビ放送網発行（6か所全てのもの）,240点のうち106点の日本初公開作品,2004年『ミュシャ展：プラハからパリへ／華麗なるアール・ヌーヴォーの誕生／ミュシャ財団秘蔵』カタログ、『アルフォンス・ミュシャ展：生誕150年記念』カタログ、『みんなのミュシャ：ミュシャからマンガへ／線の魔術』展カタログ、国立新美術館データベース、国立新美術館アートコモンズ、Mucha Foundation公式サイト,
2006-ekikyoto-01,アルフォンス・ミュシャ展：憧れのパリと祖国モラヴィア,2006,9/1-10/1,2006-09-01,美術館「えき」KYOTO,京都府,計6か所（1/6）,2007年：京都・美術館「えき」KYOTO、東京・日本橋高島屋、福岡・福岡アジア美術館、北海道・北海道立釧路芸術館、神奈川・横浜高島屋、宮崎・宮崎県立美術館　計6か所（1/6）,＊,有＊,2006年、岡原淳ほか編、NHKプロモーション発行（6か所全てのもの＊）,チェコ国立プラハ工芸美術館所蔵作品,『アルフォンス・ミュシャ展：生誕150年記念』カタログ、『みんなのミュシャ：ミュシャからマンガへ／線の魔術』展カタログ,
2007-takashima-01,アルフォンス・ミュシャ展：憧れのパリと祖国モラヴィア,2007,1/2-1/23,2007-01-02,日本橋高島屋,東京都,計6か所（2/6）,2007年：京都・美術館「えき」KYOTO、東京・日本橋高島屋、福岡・福岡アジア美術館、北海道・北海道立釧路芸術館、神奈川・横浜高島屋、宮崎・宮崎県立美術館　計6か所（2/6）,＊,有＊,2006年、岡原淳ほか編、NHKプロモーション発行（6か所全てのもの＊）,チェコ国立プラハ工芸美術館所蔵作品,『アルフォンス・ミュシャ展：生誕150年記念』カタログ、『みんなのミュシャ：ミュシャからマンガへ／線の魔術』展カタログ,
2007-fukuoka-01,アルフォンス・ミュシャ展：憧れのパリと祖国モラヴィア,2007,4/21-5/29,2007-04-21,福岡アジア美術館,福岡県,計6か所（3/6）,2007年：京都・美術館「えき」KYOTO、東京・日本橋高島屋、福岡・福岡アジア美術館、北海道・北海道立釧路芸術館、神奈川・横浜高島屋、宮崎・宮崎県立美術館　計6か所（3/6）,＊,有＊,2006年、岡原淳ほか編、NHKプロモーション発行（6か所全てのもの＊）,チェコ国立プラハ工芸美術館所蔵作品,『アルフォンス・ミュシャ展：生誕150年記念』カタログ、『みんなのミュシャ：ミュシャからマンガへ／線の魔術』展カタログ,
2007-hokkaido-01,アルフォンス・ミュシャ展：憧れのパリと祖国モラヴィア,2007,6/9-8/26,2007-06-09,北海道立釧路美術館,北海道,計6か所（4/6）,2007年：京都・美術館「えき」KYOTO、東京・日本橋高島屋、福岡・福岡アジア美術館、北海道・北海道立釧路芸術館、神奈川・横浜高島屋、宮崎・宮崎県立美術館　計6か所（4/6）,＊,有＊,2006年、岡原淳ほか編、NHKプロモーション発行（6か所全てのもの＊）,チェコ国立プラハ工芸美術館所蔵作品,『アルフォンス・ミュシャ展：生誕150年記念』カタログ、『みんなのミュシャ：ミュシャからマンガへ／線の魔術』展カタログ,
2007-sakai-01,アルフォンス・ミュシャ特別展：愛と希望のメッセージ,2007,10/27-11/26,2007-10-27,北野田フェスティバルギャラリー（堺市立東文化会館文化ホール）,大阪府,なし,なし,＊,＊,＊,,『アルフォンス・ミュシャ展：生誕150年記念』カタログ,
2007-takashima-02,アルフォンス・ミュシャ展：憧れのパリと祖国モラヴィア,2007,＊,2007-12-30,横浜高島屋,神奈川県,計6か所（5/6）,2007年：京都・美術館「えき」KYOTO、東京・日本橋高島屋、福岡・福岡アジア美術館、北海道・北海道立釧路芸術館、神奈川・横浜高島屋、宮崎・宮崎県立美術館　計6か所（5/6）,＊,有＊,2006年、岡原淳ほか編、NHKプロモーション発行（6か所全てのもの＊）,チェコ国立プラハ工芸美術館所蔵作品,『みんなのミュシャ：ミュシャからマンガへ／線の魔術』展カタログ,
2007-miyazaki-01,アルフォンス・ミュシャ展：憧れのパリと祖国モラヴィア,2007,＊,2007-12-31,宮崎県立美術館,宮崎県,計6か所（6/6）,2007年：京都・美術館「えき」KYOTO、東京・日本橋高島屋、福岡・福岡アジア美術館、北海道・北海道立釧路芸術館、神奈川・横浜高島屋、宮崎・宮崎県立美術館　計6か所（6/6）,＊,有＊,2006年、岡原淳ほか編、NHKプロモーション発行（6か所全てのもの＊）,チェコ国立プラハ工芸美術館所蔵作品,『みんなのミュシャ：ミュシャからマンガへ／線の魔術』展カタログ,
2010-iwate-01,アルフォンス・ミュシャ展：生誕150年記念,2010,4/10-5/16,2010-04-10,岩手県立美術館,岩手県,計6か所（1/6）,2010年：岩手・岩手県立美術館、東京・三鷹市美術ギャラリー、福岡・北九州市立美術館、群馬・高崎市美術館　2011年：大阪・堺市博物館、福島・いわき市立美術館（震災の影響により中止）、石川・しいのき迎賓館と金沢21世紀美術館で同時開催　計6か所（1/6）,"主催：岩手県立美術館、めんこいテレビ、マ・シェリ
後援：チェコ共和国大使館、チェコセンター東京、岩手県商工会議所連合会、岩手日報社、NHK盛岡放送局、テレビ岩手、IBC岩手放送、岩手朝日テレビ、エフエム岩手、岩手ケーブルテレビジョン、ラヂオもりおか、情報紙游悠
協賛：野崎印刷紙業、ニッセイ同和損害保険",有,2010年、産経新聞大阪本社編（6か所全てのもの）,,2010年『アルフォンス・ミュシャ展：生誕150年記念』カタログ、岩手県立美術館公式サイト、『みんなのミュシャ：ミュシャからマンガへ／線の魔術』展カタログ、国立新美術館アートコモンズ、「Mucha-holic／ミュシャ中毒」ブログ,
2010-mitaka-01,アルフォンス・ミュシャ展：生誕150年記念,2010,5/22-7/4,2010-05-22,三鷹市美術ギャラリー,東京都,計6か所（2/6）,2010年：岩手・岩手県立美術館、東京・三鷹市美術ギャラリー、福岡・北九州市立美術館、群馬・高崎市美術館　2011年：大阪・堺市博物館、福島・いわき市立美術館（震災の影響により中止）、石川・しいのき迎賓館と金沢21世紀美術館で同時開催　計6か所（2/6）,"主催：(財)三鷹市芸術文化振興財団・三鷹市美術ギャラリー、産経新聞社
後援：チェコ共和国大使館、チェコセンター東京
協賛：野崎印刷紙業、ニッセイ同和損害保険",有,2010年、産経新聞大阪本社編（6か所全てのもの）,,2010年『アルフォンス・ミュシャ展：生誕150年記念』カタログ、『みんなのミュシャ：ミュシャからマンガへ／線の魔術』展カタログ、国立新美術館アートコモンズ,
2010-kitakyusyu-01,アルフォンス・ミュシャ展：生誕150年記念,2010,7/17-8/29,2010-07-17,北九州市立美術館,福岡県,計6か所（3/6）,2010年：岩手・岩手県立美術館、東京・三鷹市美術ギャラリー、福岡・北九州市立美術館、群馬・高崎市美術館　2011年：大阪・堺市博物館、福島・いわき市立美術館（震災の影響により中止）、石川・しいのき迎賓館と金沢21世紀美術館で同時開催　計6か所（3/6）,"主催：北九州市立美術館、毎日新聞社
後援：チェコ共和国大使館、チェコセンター東京
協賛：野崎印刷紙業、ニッセイ同和損害保険",有,2010年、産経新聞大阪本社編（6か所全てのもの）,,2010年『アルフォンス・ミュシャ展：生誕150年記念』カタログ、『みんなのミュシャ：ミュシャからマンガへ／線の魔術』展カタログ、国立新美術館アートコモンズ,
2010-takasaki-01,アルフォンス・ミュシャ展：生誕150年記念,2010,9/18-11/7,2010-09-18,高崎市美術館,群馬県,計6か所（4/6）,2010年：岩手・岩手県立美術館、東京・三鷹市美術ギャラリー、福岡・北九州市立美術館、群馬・高崎市美術館　2011年：大阪・堺市博物館、福島・いわき市立美術館（震災の影響により中止）、石川・しいのき迎賓館と金沢21世紀美術館で同時開催　計6か所（4/6）,"主催：高崎市美術館、高崎市タワー美術館
後援：チェコ共和国大使館、チェコセンター東京
協賛：野崎印刷紙業、ニッセイ同和損害保険",有,2010年、産経新聞大阪本社編（6か所全てのもの）／2010年、高崎市美術館、高崎市タワー美術館編,,2010年『アルフォンス・ミュシャ展：生誕150年記念』カタログ、『みんなのミュシャ：ミュシャからマンガへ／線の魔術』展カタログ、国立新美術館アートコモンズ,
2011-sakai-01,アルフォンス・ミュシャ展：生誕150年記念,2011,2/5-3/21,2011-02-05,堺市博物館,大阪府,計6か所（5/6）,2010年：岩手・岩手県立美術館、東京・三鷹市美術ギャラリー、福岡・北九州市立美術館、群馬・高崎市美術館　2011年：大阪・堺市博物館、福島・いわき市立美術館（震災の影響により中止）、石川・しいのき迎賓館と金沢21世紀美術館で同時開催　計6か所（5/6）,"主催：堺市、堺市博物館、産経新聞社
後援：チェコ共和国大使館、チェコセンター東京
協賛：野崎印刷紙業、ニッセイ同和損害保険",有,2010年、産経新聞大阪本社編（6か所全てのもの）／2011年、今井美樹ほか編（堺市所蔵品カタログ）,,2010年『アルフォンス・ミュシャ展：生誕150年記念』カタログ、『みんなのミュシャ：ミュシャからマンガへ／線の魔術』展カタログ、国立新美術館アートコモンズ,
2011-kanazawa-01,アルフォンス・ミュシャ展：生誕150年記念,2011,5/28-6/26,2011-05-28,金沢21世紀美術館、しいのき迎賓館,石川県,計6か所（6/6）,2010年：岩手・岩手県立美術館、東京・三鷹市美術ギャラリー、福岡・北九州市立美術館、群馬・高崎市美術館　2011年：大阪・堺市博物館、福島・いわき市立美術館（震災の影響により中止）、石川・しいのき迎賓館と金沢21世紀美術館で同時開催　計6か所（6/6）,"主催：金沢21世紀美術館、北國新聞社
後援：チェコ共和国大使館、チェコセンター東京
協賛：野崎印刷紙業、ニッセイ同和損害保険",有,2010年、産経新聞大阪本社編（6か所全てのもの）,,2010年『アルフォンス・ミュシャ展：生誕150年記念』カタログ、『みんなのミュシャ：ミュシャからマンガへ／線の魔術』展カタログ、国立新美術館アートコモンズ、「Mucha-holic／ミュシャ中毒」ブログ,
2013-ekikyoto-01,知られざるミュシャ展：故国モラヴィアと栄光のパリ,2013,3/1-3/31,2013-03-01,美術館「えき」KYOTO,京都府,計8か所（1/8）,2013年：京都・美術館「えき」KYOTO、広島・海の見える杜美術館、福井・福井市美術館、愛知・松坂屋美術館、神奈川・そごう美術館　2014年：岡山・岡山シティミュージアム、三重・パラパタミュージアム、青森・弘前市立博物館　計8か所（1/8）,主催：MBS、京都新聞社＊,有,2013年、MBS、エー・ティ・エー編（美術館「えき」KYOTOを含む7か所のもの）,チマル・コレクション日本初公開,『みんなのミュシャ：ミュシャからマンガへ／線の魔術』展カタログ、弘前市公式サイト、国立新美術館アートコモンズ、KYOTO ART BOXのサイト,
2013-moriart-01,ミュシャ展：パリの夢モラヴィアの祈り／ミュシャ財団秘蔵,2013,3/9-5/19,2013-03-09,森アーツセンターギャラリー,東京都,計5か所（1/5）,2013年：東京・森アーツセンターギャラリー、新潟・新潟県立万代島美術館、愛媛・愛媛県美術館　2014年：宮城・宮城県美術館、北海道・北海道立近代美術館　計5か所（1/5）,"主催：ミュシャ財団、日本テレビ放送網、森アーツセンター
後援：チェコ共和国大使館
特別協賛：木下工務店
協賛：大日本印刷、日本興亜損害保険",有,2013年、千足信行、佐藤智子監修、日本テレビ放送網発行（5か所全てのもの）,"総入場者数283,474人（2013 年国内展覧会入場者数8位）",2013年『ミュシャ展：パリの夢モラヴィアの祈り／ミュシャ財団秘蔵』カタログ・公式サイト、『みんなのミュシャ：ミュシャからマンガへ／線の魔術』展カタログ、国立新美術館アートコモンズ、アートアニュアルオンライン「年間国内展覧会入場者数ベスト20」2013年版,
2013-hiroshima-01,知られざるミュシャ展：故国モラヴィアと栄光のパリ,2013,4/6-7/15,2013-04-06,海の見える杜美術館,広島県,計8か所（2/8）,2013年：京都・美術館「えき」KYOTO、広島・海の見える杜美術館、福井・福井市美術館、愛知・松坂屋美術館、神奈川・そごう美術館　2014年：岡山・岡山シティミュージアム、三重・パラパタミュージアム、青森・弘前市立博物館　計8か所（2/8）,＊,有,2013年、MBS、エー・ティ・エー編（美術館「えき」KYOTOを含む7か所のもの）,チマル・コレクション,海の見える杜美術館公式サイト、『みんなのミュシャ：ミュシャからマンガへ／線の魔術』展カタログ,
2013-niigata-01,ミュシャ展：パリの夢モラヴィアの祈り／ミュシャ財団秘蔵,2013,6/1-8/11,2013-06-01,新潟県立万代島美術館,新潟県,計5か所（2/5）,2013年：東京・森アーツセンターギャラリー、新潟・新潟県立万代島美術館、愛媛・愛媛県美術館　2014年：宮城・宮城県美術館、北海道・北海道立近代美術館　計5か所（2/5）,"主催：新潟県立万代島美術館、TeNYテレビ新潟、ミュシャ展新潟展実行委員会、ミュシャ財団
後援：チェコ共和国大使館
特別協賛：木下工務店
協賛：大日本印刷、日本興亜損害保険",有,2013年、千足信行、佐藤智子監修、日本テレビ放送網発行（5か所全てのもの）,,2013年『ミュシャ展：パリの夢モラヴィアの祈り／ミュシャ財団秘蔵』カタログ・公式サイト、『みんなのミュシャ：ミュシャからマンガへ／線の魔術』展カタログ、国立新美術館アートコモンズ,
2013-osaka-01,ミュシャ：くらしを彩るアール・ヌーヴォー,2013,7/13-9/1,2013-07-13,大阪くらしの今昔館,大阪府,なし,なし,主催：大阪市立住まいのミュージアム,＊,＊,"OGATAコレクション、総入場者数12,000人",大阪くらしの今昔館公式サイト、株式会社尾形企画公式サイト,
2013-fukui-01,知られざるミュシャ展：故国モラヴィアと栄光のパリ,2013,7/20-9/1,2013-07-20,福井市美術館,福井県,計8か所（3/8）,2013年：京都・美術館「えき」KYOTO、広島・海の見える杜美術館、福井・福井市美術館、愛知・松坂屋美術館、神奈川・そごう美術館　2014年：岡山・岡山シティミュージアム、三重・パラパタミュージアム、青森・弘前市立博物館　計8か所（3/8）,＊,有,2013年、MBS、エー・ティ・エー編（美術館「えき」KYOTOを含む7か所のもの）,チマル・コレクション,福井市美術館公式サイト、『みんなのミュシャ：ミュシャからマンガへ／線の魔術』展カタログ,
2013-matsu-01,知られざるミュシャ展：故国モラヴィアと栄光のパリ,2013,9/7-10/14,2013-09-07,松坂屋美術館,愛知県,計8か所（4/8）,2013年：京都・美術館「えき」KYOTO、広島・海の見える杜美術館、福井・福井市美術館、愛知・松坂屋美術館、神奈川・そごう美術館　2014年：岡山・岡山シティミュージアム、三重・パラパタミュージアム、青森・弘前市立博物館　計8か所（4/8）,＊,有,2013年、MBS、エー・ティ・エー編（美術館「えき」KYOTOを含む7か所のもの）,チマル・コレクション,『みんなのミュシャ：ミュシャからマンガへ／線の魔術』展カタログ、サカエ経済新聞2023年9月26日「名古屋・栄の松坂屋美術館で『知られざるミュシャ展』―日本初公開作品も」,
2013-sogo-01,知られざるミュシャ展：故国モラヴィアと栄光のパリ,2013,10/19-12/1,2013-10-19,そごう美術館,神奈川県,計8か所（5/8）,2013年：京都・美術館「えき」KYOTO、広島・海の見える杜美術館、福井・福井市美術館、愛知・松坂屋美術館、神奈川・そごう美術館　2014年：岡山・岡山シティミュージアム、三重・パラパタミュージアム、青森・弘前市立博物館　計8か所（5/8）,"主催：そごう美術館
後援：神奈川県教育委員会、横浜市教育委員会",有,2013年、MBS、エー・ティ・エー編（美術館「えき」KYOTOを含む7か所のもの）,チマル・コレクション,そごう美術館公式サイト、『みんなのミュシャ：ミュシャからマンガへ／線の魔術』展カタログ,
2013-ehime-01,ミュシャ展：パリの夢モラヴィアの祈り／ミュシャ財団秘蔵,2013,10/26-1/5,2013-10-26,愛媛県美術館,愛媛県,計5か所（3/5）,2013年：東京・森アーツセンターギャラリー、新潟・新潟県立万代島美術館、愛媛・愛媛県美術館　2014年：宮城・宮城県美術館、北海道・北海道立近代美術館　計5か所（3/5）,"主催：ミュシャ展実行委員会（愛媛県、南海放送）、ミュシャ財団
後援：チェコ共和国大使館
特別協賛：木下工務店
協賛：大日本印刷、日本興亜損害保険",有,2013年、千足信行、佐藤智子監修、日本テレビ放送網発行（5か所全てのもの）,,2013年『ミュシャ展：パリの夢モラヴィアの祈り／ミュシャ財団秘蔵』カタログ・公式サイト、『みんなのミュシャ：ミュシャからマンガへ／線の魔術』展カタログ、国立新美術館アートコモンズ,
2014-miyagi-01,ミュシャ展：パリの夢モラヴィアの祈り／ミュシャ財団秘蔵,2014,1/18-3/23,2014-01-18,宮城県美術館,宮城県,計5か所（4/5）,2013年：東京・森アーツセンターギャラリー、新潟・新潟県立万代島美術館、愛媛・愛媛県美術館　2014年：宮城・宮城県美術館、北海道・北海道立近代美術館　計5か所（4/5）,"主催：宮城県美術館、宮城テレビ放送、ミュシャ財団
後援：チェコ共和国大使館
特別協賛：木下工務店
協賛：大日本印刷、日本興亜損害保険",有,2013年、千足信行、佐藤智子監修、日本テレビ放送網発行（5か所全てのもの）,,2013年『ミュシャ展：パリの夢モラヴィアの祈り／ミュシャ財団秘蔵』カタログ・公式サイト、『みんなのミュシャ：ミュシャからマンガへ／線の魔術』展カタログ、国立新美術館アートコモンズ,
2014-hokkaido-01,ミュシャ展：パリの夢モラヴィアの祈り／ミュシャ財団秘蔵,2014,4/5-6/15,2014-04-05,北海道立近代美術館,北海道,計5か所（5/5）,2013年：東京・森アーツセンターギャラリー、新潟・新潟県立万代島美術館、愛媛・愛媛県美術館　2014年：宮城・宮城県美術館、北海道・北海道立近代美術館　計5か所（5/5）,"主催：北海道立近代美術館、札幌テレビ放送、ミュシャ財団
後援：チェコ共和国大使館
特別協賛：木下工務店
協賛：大日本印刷、日本興亜損害保険",有,2013年、千足信行、佐藤智子監修、日本テレビ放送網発行（5か所全てのもの）,,2013年『ミュシャ展：パリの夢モラヴィアの祈り／ミュシャ財団秘蔵』カタログ・公式サイト、『みんなのミュシャ：ミュシャからマンガへ／線の魔術』展カタログ、国立新美術館アートコモンズ,
2014-okayama-01,知られざるミュシャ展：故国モラヴィアと栄光のパリ,2014,3/4-3/30,2014-03-04,岡山シティミュージアム,岡山県,計8か所（6/8）,2013年：京都・美術館「えき」KYOTO、広島・海の見える杜美術館、福井・福井市美術館、愛知・松坂屋美術館、神奈川・そごう美術館　2014年：岡山・岡山シティミュージアム、三重・パラパタミュージアム、青森・弘前市立博物館　計8か所（6/8）,"主催：RSK、岡山シティミュージアム
後援：岡山県、岡山県教育委員会、香川県、香川県教育委員会、倉敷市、倉敷市教育委員会、岡山市連合町内会、岡山市連合婦人会、岡山県美容生活衛生同業組合、山陽新聞社、朝日新聞岡山総局、読売新聞岡山支局、毎日新聞岡山支局、産経新聞社、中国新聞備後本社
特別協賛：積和不動産中国株式会社",有,2013年、MBS、エー・ティ・エー編（美術館「えき」KYOTOを含む7か所のもの）,チマル・コレクション,岡山市公式サイト、『みんなのミュシャ：ミュシャからマンガへ／線の魔術』展カタログ,
2014-parapata-01,知られざるミュシャ展：故国モラヴィアと栄光のパリ,2014,4/4-5/18,2014-04-04,パラパタミュージアム,三重県,計8か所（7/8）,2013年：京都・美術館「えき」KYOTO、広島・海の見える杜美術館、福井・福井市美術館、愛知・松坂屋美術館、神奈川・そごう美術館　2014年：岡山・岡山シティミュージアム、三重・パラパタミュージアム、青森・弘前市立博物館　計8か所（7/8）,"主催：公益財団法人岡田文化財団パラミタミュージアム
後援：中日新聞社、伊勢新聞社、毎日新聞社、朝日新聞社、読売新聞社、日本経済新聞社名古屋支社、NHK津放送局、三重テレビ放送、三重エフエム放送",有,2013年、MBS、エー・ティ・エー編（美術館「えき」KYOTOを含む7か所のもの）,チマル・コレクション,パラパタミュージアム公式サイト、『みんなのミュシャ：ミュシャからマンガへ／線の魔術』展カタログ、国立新美術館アートコモンズ,
2014-hirosaki-01,知られざるミュシャ展：故国モラヴィアと栄光のパリ,2014,5/24-6/29,2014-05-24,弘前市立博物館,青森県,計8か所（8/8）,2013年：京都・美術館「えき」KYOTO、広島・海の見える杜美術館、福井・福井市美術館、愛知・松坂屋美術館、神奈川・そごう美術館　2014年：岡山・岡山シティミュージアム、三重・パラパタミュージアム、青森・弘前市立博物館　計8か所（8/8）,＊,＊,＊,"チマル・コレクション、総入場者数10,603人",弘前市公式サイト,
2016-nagasaki-01,ミュシャ展：アール・ヌーヴォーの華,2016,4/2-5/29,2016-04-02,長崎県美術館,長崎県,なし,なし,"主催：長崎新聞社、長崎県美術館
後援：チェコ共和国大使館、チェコセンター、長崎県、長崎市、長崎県教育委員会、長崎市教育委員会、NHK長崎放送局、エフエム長崎、長崎ケーブルメディア、長崎県立長崎図書館、長崎市立図書館、長崎県美術協会ほか（以下省略）
協賛：株式会社昭和堂",＊,＊,"OGATAコレクション、総入場者数27,812人",平成28年度長崎県美術館年報、国立新美術館アートコモンズ、株式会社尾形企画公式サイト,
2016-kiyosu-01,アルフォンス・ミュシャ：デザインの仕事,2016,6/25-9/25,2016-06-25,清須市はるひ美術館,愛知県,なし,なし,"主催：清須市はるひ美術館
後援：愛知県、愛知県教育委員会、中日新聞社",＊,＊,"OGATAコレクション、総入場者数7,000人",清須市はるひ美術館公式サイト、株式会社尾形企画公式サイト,
2016-oita-01,ミュシャ展：虜になる美しさ,2016,10/8-12/4,2016-10-08,大分市美術館,大分県,なし,なし,"主催：大分市美術館、大分合同新聞社、ミュシャ展実行委員会
後援：チェコ共和国大使館、チェコセンター、大分・チェコ友好協会、NHK大分放送局、OBS大分放送、TOSテレビ大分
協賛：アンジェリッククリニック浦田、大分銀行、国際ソロプチミスト大分・みどり・府内、三井住友銀行、吉伴株式会社",＊,＊,"OGATAコレクション、総入場者数17,000人",国立新美術館アートコモンズ、株式会社尾形企画公式サイト,
2016-kure-01,アルフォンス・ミュシャ：くらしを彩るアールヌーヴォーの画家,2016,12/11-2/12,2016-12-11,呉市立美術館,広島県,なし,なし,"主催：呉市立美術館、呉市、呉市文化振興財団、中国新聞社
後援：チェコ共和国大使館、チェコセンター、NHK広島放送局、中国放送、広島テレビ、広島ホームテレビ、テレビ新広島、広島エフエム放送、FMちゅーピー76.6MHz、リビングひろしま",＊,＊,"OGATAコレクション、総入場者数9,000人",国立新美術館アートコモンズ、株式会社尾形企画公式サイト,
2016-hida-01,ミュシャ展：華ひらく未来に向かって,2016,12/23-1/19,2016-12-23,飛騨高山美術館,岐阜県,なし,なし,＊,＊,＊,,飛騨高山美術館公式ブログ、「Mucha-holic／ミュシャ中毒」ブログ,
2017-bofu-01,アルフォンス・ミュシャ展：アール・ヌーヴォーの華／防府市制施行80周年記念／チェコ文化年2017関連事業,2017,2/24-3/26,2017-02-24,防府市アスピラート,山口県,なし,なし,"主催：防府市文化振興財団
後援：チェコ共和国大使館、チェコセンター、山口県、山口県教育委員会、防府市、防府市教育委員会、防府市文化協会、防府商工会議所、（公社）防府青年会議所、（一社）防府市観光協会、tysテレビ山口、朝日新聞社、中国新聞防長本社、毎日新聞社、山口新聞社、読売新聞西部本社、ほうふ日報、防日新聞社、山口ケーブルビジョン（株）、エフエム山口、FM わっしょい",＊,＊,"OGATAコレクション、総入場者数7,000人",防府市アスピラート公式サイト、株式会社尾形企画公式サイト,
2017-nact-01,ミュシャ展：国立新美術館開館10周年／チェコ文化年事業,2017,3/8-6/5,2017-03-08,国立新美術館,東京都,なし,なし,"主催：国立新美術館、プラハ市、プラハ市立美術館、NHK、NHKプロモーション、朝日新聞社
後援：外務省、チェコ共和国大使館、チェコセンター
協賛：伊藤忠商事株式会社、日本写真印刷株式会社",有,2017年、国立新美術館ほか編、求龍堂発行,"総入場者数657,350人（2017 年国内展覧会入場者数1位）、《スラヴ叙事詩》全20点がチェコ国外で世界初公開",2017年『ミュシャ展：国立新美術館開館10周年／チェコ文化年事業』カタログ、『みんなのミュシャ：ミュシャからマンガへ／線の魔術』展カタログ、国立新美術館アートコモンズ、アートアニュアルオンライン「年間国内展覧会入場者数ベスト20」2017年版,
2017-sakata-01,アルフォンス・ミュシャ展：酒田市美術館開館20周年記念／チェコ文化年2017関連事業,2017,4/22-5/28,2017-04-22,酒田市美術館,山形県,なし,なし,"主催：公益財団法人酒田市美術館
後援：チェコ共和国大使館、チェコセンター",＊,＊,"OGATAコレクション、総入場者数10,000人",国立新美術館アートコモンズ、株式会社尾形企画公式サイト,
2017-itochu-01,FEEL THE Mucha HEART ：民衆のための芸術(デザイン)とチェコへの愛,2017,6/2-7/2,2017-06-02,伊藤忠青山アートスクエア,東京都,なし,なし,"主催：伊藤忠商事株式会社
後援：チェコ共和国大使館、チェコセンター",有＊,発行年不明、ヴラスタ・チハ―コヴァ―監修、尾形寿行発行,"OGATAコレクション、総入場者数15,000人",伊藤忠商事公式サイト、株式会社尾形企画公式サイト,
2017-sagawa-01,アルフォンス・ミュシャ展：麗しきアール・ヌーヴォー／チェコ文化年2017関連事業,2017,7/15-9/24,2017-07-15,佐川美術館,滋賀県,なし,なし,"主催：公益財団法人佐川美術館
後援：チェコ共和国大使館、チェコセンター、滋賀県、滋賀県教育委員会、守山市、守山市教育委員会",＊,＊,"OGATAコレクション、総入場者数41,000人",国立新美術館アートコモンズ、株式会社尾形企画公式サイト,
2017-shimodate-01,アルフォンス・ミュシャ展：アール・ヌーヴォーの華,2017,9/30-11/26,2017-09-30,しもだて美術館,茨城県,なし,なし,"主催：しもだて美術館
後援：チェコ共和国大使館、チェコセンター",＊,＊,"OGATAコレクション、総入場者数8,000人",国立新美術館アートコモンズ、株式会社尾形企画公式サイト,
2017-ekikyoto-01,ミュシャ展：運命の女たち,2017,10/14-11/26,2017-10-14,美術館「えき」KYOTO,京都府,計11か所（1/11）,2017年：京都・美術館「えき」KYOTO、愛知・松坂屋美術館　2018年：広島・ひろしま美術館、福岡・福岡アジア美術館、静岡・静岡市美術館、鹿児島・鹿児島市立美術館、宮城・TFUギャラリーミニモリ、兵庫・丹波市立植野記念美術館　2019年：北海道・北海道立旭川美術館、北海道・北海道立函館美術館、神奈川・そごう美術館　計11か所（1/11）,主催：美術館「えき」KYOTO、MBS、京都新聞,有,2017年、古谷可由監修、MBS発行（美術館「えき」KYOTO含む6か所のもの）,チマル・コレクション,2017年『ミュシャ展：運命の女たち』カタログ（美術館「えき」KYOTO含む6か所のもの）、『みんなのミュシャ：ミュシャからマンガへ／線の魔術』展カタログ、国立新美術館アートコモンズ,
2017-matsu-01,ミュシャ展：運命の女たち,2017,12/23-2/18,2017-12-23,松坂屋美術館,愛知県,計11か所（2/11）,2017年：京都・美術館「えき」KYOTO、愛知・松坂屋美術館　2018年：広島・ひろしま美術館、福岡・福岡アジア美術館、静岡・静岡市美術館、鹿児島・鹿児島市立美術館、宮城・TFUギャラリーミニモリ、兵庫・丹波市立植野記念美術館　2019年：北海道・北海道立旭川美術館、北海道・北海道立函館美術館、神奈川・そごう美術館　計11か所（2/11）,"主催：松坂屋美術館、CBCテレビ
後援：愛知県・岐阜県・三重県・名古屋市各教育委員会",有,2017年、古谷可由監修、MBS発行（美術館「えき」KYOTO含む6か所のもの）,チマル・コレクション,2017年『ミュシャ展：運命の女たち』カタログ（美術館「えき」KYOTO含む6か所のもの）、大丸松坂屋プレスリリース、『みんなのミュシャ：ミュシャからマンガへ／線の魔術』展カタログ,
2018-hiroshima-01,ミュシャ展：運命の女たち,2018,2/24-4/8,2018-02-24,ひろしま美術館,広島県,計11か所（3/11）,2017年：京都・美術館「えき」KYOTO、愛知・松坂屋美術館　2018年：広島・ひろしま美術館、福岡・福岡アジア美術館、静岡・静岡市美術館、鹿児島・鹿児島市立美術館、宮城・TFUギャラリーミニモリ、兵庫・丹波市立植野記念美術館　2019年：北海道・北海道立旭川美術館、北海道・北海道立函館美術館、神奈川・そごう美術館　計11か所（3/11）,"主催：ひろしま美術館、中国放送、中国新聞社
後援：広島県教育委員会、広島市教育委員会、広島テレビ、広島ホームテレビ、テレビ新広島、広島エフエム放送、FMちゅーピー76.6MHz
協賛：広島銀行",有,2017年、古谷可由監修、MBS発行（美術館「えき」KYOTO含む6か所のもの）,チマル・コレクション,2017年『ミュシャ展：運命の女たち』カタログ（美術館「えき」KYOTO含む6か所のもの）、『みんなのミュシャ：ミュシャからマンガへ／線の魔術』展カタログ、国立新美術館アートコモンズ,
2018-urazoe-01,アルフォンス・ミュシャ展：アール・ヌーヴォーの華,2018,3/17-5/6,2018-03-17,浦添市美術館,沖縄県,なし,なし,主催：琉球新報社,＊,＊,"OGATAコレクション、総入場者数12,000人",株式会社尾形企画公式サイト、琉球新報2018年3月18日電子版「ミュシャ展が開幕 浦添市美術館、5月6日まで」,
2018-fukuoka-01,ミュシャ展：運命の女たち,2018,4/20-5/27,2018-04-20,福岡アジア美術館,福岡県,計11か所（4/11）,2017年：京都・美術館「えき」KYOTO、愛知・松坂屋美術館　2018年：広島・ひろしま美術館、福岡・福岡アジア美術館、静岡・静岡市美術館、鹿児島・鹿児島市立美術館、宮城・TFUギャラリーミニモリ、兵庫・丹波市立植野記念美術館　2019年：北海道・北海道立旭川美術館、北海道・北海道立函館美術館、神奈川・そごう美術館　計11か所（4/11）,"主催：RKB毎日放送
後援：福岡県、福岡市、福岡県教育委員会、福岡市教育委員会、(公財)福岡市文化芸術振興財団、福岡商工会議所、西日本リビング新聞社、LOVE FM、西日本鉄道",有,2017年、古谷可由監修、MBS発行（美術館「えき」KYOTO含む6か所のもの）,チマル・コレクション,2017年『ミュシャ展：運命の女たち』カタログ（美術館「えき」KYOTO含む6か所のもの）、大牟田観光協会サイト,
2018-yonago-01,ミュシャ展：アール・ヌーヴォーの華／日本海新聞創刊 135周年・西部本社設立35周年・米子市美術館開館35周年記念事業／平成30年度米子市美術館特別共催展,2018,4/28-6/3,2018-04-28,米子市美術館,鳥取県,なし,なし,"主催：米子市、米子市教育委員会、一般財団法人 米子市文化財団米子市美術館、新日本海新聞社
後援：チェコ共和国大使館、チェコセンター、鳥取県、鳥取県教育委員会、島根県、島根県教育委員会ほか（以下省略）(順不同)
特別協賛：山陰酸素グループ",＊,＊,"OGATAコレクション、総入場者数10,000人",国立新美術館アートコモンズ、株式会社尾形企画公式サイト,
2018-shizuoka-01,ミュシャ展：運命の女たち,2018,6/2-7/15,2018-06-02,静岡市美術館,静岡県,計11か所（5/11）,2017年：京都・美術館「えき」KYOTO、愛知・松坂屋美術館　2018年：広島・ひろしま美術館、福岡・福岡アジア美術館、静岡・静岡市美術館、鹿児島・鹿児島市立美術館、宮城・TFUギャラリーミニモリ、兵庫・丹波市立植野記念美術館　2019年：北海道・北海道立旭川美術館、北海道・北海道立函館美術館、神奈川・そごう美術館　計11か所（5/11）,"主催：静岡市、静岡市美術館 指定管理者(公財)静岡市文化振興財団、静岡朝日テレビ、日本経済新聞社
後援：静岡市教育委員会、静岡県教育委員会
特別協賛：株式会社パナホーム静岡",有,2017年、古谷可由監修、MBS発行（美術館「えき」KYOTO含む6か所のもの）,チマル・コレクション,2017年『ミュシャ展：運命の女たち』カタログ（美術館「えき」KYOTO含む6か所のもの）、『みんなのミュシャ：ミュシャからマンガへ／線の魔術』展カタログ、国立新美術館アートコモンズ,
2018-kawaguchiko-01,アルフォンス・ミュシャ：アール・ヌーヴォーの華,2018,6/16-9/2,2018-06-16,河口湖美術館,山梨県,なし,なし,＊,＊,＊,"OGATAコレクション、総入場者数10,000人",株式会社尾形企画公式サイト、［アイエム］インターネットミュージアムサイト,
2018-kagoshima-01,ミュシャ展：運命の女たち,2018,7/20-9/2,2018-07-20,鹿児島市立美術館,鹿児島県,計11か所（6/11）,2017年：京都・美術館「えき」KYOTO、愛知・松坂屋美術館　2018年：広島・ひろしま美術館、福岡・福岡アジア美術館、静岡・静岡市美術館、鹿児島・鹿児島市立美術館、宮城・TFUギャラリーミニモリ、兵庫・丹波市立植野記念美術館　2019年：北海道・北海道立旭川美術館、北海道・北海道立函館美術館、神奈川・そごう美術館　計11か所（6/11）,主催：鹿児島市立美術館、MBC南日本放送、南日本新聞社,有,2017年、古谷可由監修、MBS発行（美術館「えき」KYOTO含む6か所のもの）,チマル・コレクション,2017年『ミュシャ展：運命の女たち』カタログ（美術館「えき」KYOTO含む6か所のもの）、国立新美術館アートコモンズ,
2018-tfu-01,ミュシャ展：運命の女たち,2018,9/14-10/21,2018-09-14,ＴＦＵギャラリーミニモリ,宮城県,計11か所（7/11）,2017年：京都・美術館「えき」KYOTO、愛知・松坂屋美術館　2018年：広島・ひろしま美術館、福岡・福岡アジア美術館、静岡・静岡市美術館、鹿児島・鹿児島市立美術館、宮城・TFUギャラリーミニモリ、兵庫・丹波市立植野記念美術館　2019年：北海道・北海道立旭川美術館、北海道・北海道立函館美術館、神奈川・そごう美術館　計11か所（7/11）,＊,＊,＊,チマル・コレクション,東北福祉大学公式サイト,
2018-tanba-01,ミュシャ展：運命の女たち,2018,10/27-12/24,2018-10-27,丹波市立植野記念美術館,兵庫県,計11か所（8/11）,2017年：京都・美術館「えき」KYOTO、愛知・松坂屋美術館　2018年：広島・ひろしま美術館、福岡・福岡アジア美術館、静岡・静岡市美術館、鹿児島・鹿児島市立美術館、宮城・TFUギャラリーミニモリ、兵庫・丹波市立植野記念美術館　2019年：北海道・北海道立旭川美術館、北海道・北海道立函館美術館、神奈川・そごう美術館　計11か所（8/11）,＊,＊,＊,チマル・コレクション,国立新美術館アートコモンズ,
2018-odakyu-01,アルフォンス・ミュシャ展,2018,12/26-1/7,2018-12-26,小田急百貨店新宿店本館11 階催事場,東京都,なし,なし,"主催：小田急百貨店
後援：チェコ共和国大使館、チェコセンター東京",有＊,発行年不明、ヴラスタ・チハ―コヴァ―監修、尾形寿行発行,"OGATAコレクション、総入場者数21,000人",株式会社小田急百貨店プレスリリース、株式会社尾形企画公式サイト,
2019-huistenbosch-01,アルフォンス・ミュシャ展：アール・ヌーヴォーの華,2019,2/9-6/24,2019-02-09,ハウステンボス美術館,長崎県,なし,なし,＊,＊,＊,"OGATAコレクション、総入場者数7,000人",ハウステンボスプレスリリース、株式会社尾形企画公式サイト,
2019-hokkaido-01,ミュシャ展：運命の女たち,2019,4/27-6/23,2019-04-27,北海道立旭川美術館,北海道,計11か所（9/11）,2017年：京都・美術館「えき」KYOTO、愛知・松坂屋美術館　2018年：広島・ひろしま美術館、福岡・福岡アジア美術館、静岡・静岡市美術館、鹿児島・鹿児島市立美術館、宮城・TFUギャラリーミニモリ、兵庫・丹波市立植野記念美術館　2019年：北海道・北海道立旭川美術館、北海道・北海道立函館美術館、神奈川・そごう美術館　計11か所（9/11）,主催：北海道立旭川美術館、北海道新聞社、「ミュシャ展」旭川展実行委員会,＊,＊,"チマル・コレクション、総入場者数17,321人",北海道立旭川美術館2019年年報,
2019-hokkaido-02,ミュシャ展：運命の女たち,2019,6/29-8/25,2019-06-29,北海道立函館美術館,北海道,計11か所（10/11）,2017年：京都・美術館「えき」KYOTO、愛知・松坂屋美術館　2018年：広島・ひろしま美術館、福岡・福岡アジア美術館、静岡・静岡市美術館、鹿児島・鹿児島市立美術館、宮城・TFUギャラリーミニモリ、兵庫・丹波市立植野記念美術館　2019年：北海道・北海道立旭川美術館、北海道・北海道立函館美術館、神奈川・そごう美術館　計11か所（10/11）,"主催：北海道立函館美術館、北海道新聞社、ミュシャ展函館展実行委員会
後援：函館市、函館市教育委員会、NHK函館放送局、FMいるか",＊,＊,チマル・コレクション,国立新美術館アートコモンズ,
2019-sogo-01,ミュシャ展：運命の女たち,2019,11/23-12/25,2019-11-23,そごう美術館,神奈川県,計11か所（11/11）,2017年：京都・美術館「えき」KYOTO、愛知・松坂屋美術館　2018年：広島・ひろしま美術館、福岡・福岡アジア美術館、静岡・静岡市美術館、鹿児島・鹿児島市立美術館、宮城・TFUギャラリーミニモリ、兵庫・丹波市立植野記念美術館　2019年：北海道・北海道立旭川美術館、北海道・北海道立函館美術館、神奈川・そごう美術館　計11か所（11/11）,"主催：そごう美術館
後援：神奈川県教育委員会、横浜市教育委員会
協賛：(株)そごう・西武",＊,＊,チマル・コレクション,国立新美術館アートコモンズ,
2019-takaoka-01,アルフォンス・ミュシャ展：高岡市美術館開館25周年記念・北日本新聞創刊135周年記念,2019,7/13-9/1,2019-07-13,高岡市美術館,富山県,なし,なし,"主催：アルフォンス・ミュシャ展実行委員会（高岡市美術館、北日本新聞社）
後援：チェコ共和国大使館、チェコセンター東京、富山県、高岡市、高岡市教育委員会",＊,＊,"OGATAコレクション、総入場者数17,000人",国立新美術館アートコモンズ、株式会社尾形企画公式サイト,
2019-bunkamura-01,みんなのミュシャ：ミュシャからマンガへ／線の魔術,2019,7/13-9/29,2019-07-13,Bunkamuraザ・ミュージアム,東京都,計6か所（1/6）,2019年：東京・Bunkamuraザ・ミュージアム、京都・京都文化博物館　2020年：北海道・札幌芸術の森美術館、愛知・名古屋市美術館（コロナの影響で中止）、静岡・静岡県立美術館、長野・松本市美術館、福島・郡山美術館　計6か所（1/6）,"主催：Bunkamura、ミュシャ財団、日本テレビ放送網、BS日テレ、読売新聞社
後援：チェコ共和国大使館、チェコセンター、チェコ政府観光局
協賛：大成建設、光村印刷、損保ジャパン日本興亜",有,2019年、日本テレビ放送網、Bunkamuraザ・ミュージアム編（Bunkamuraザ・ミュージアムを含む5か所のもの）,"総入場者数19,856人（2019 年国内展覧会入場者数29位）、後世のアーティストへの影響を取り上げる",2019年『みんなのミュシャ：ミュシャからマンガへ／線の魔術』展カタログ、国立新美術館アートコモンズ、アートアニュアルオンライン「年間国内展覧会入場者数ベスト30」2019年版,
2019-chiba-01,ミュシャと日本、日本とオルリク,2019,9/7-10/20,2019-09-07,千葉市美術館,千葉県,計4ヶ所（1/4）,2019年：千葉・千葉市美術館、和歌山・和歌山県立近代美術館 2020年：岡山・岡山県立美術館、静岡・静岡市美術館 計4ヶ所（1/4）,"主催：千葉市美術館、読売新聞社、美術館連絡協議会
後援：駐日チェコ共和国大使館、チェコセンター東京
協賛：ライオン、大日本印刷、損保ジャパン日本興亜、日本テレビ放送網",有,2019年、西山純子ほか編、国書刊行会発行（4か所全てのもの）,ミュシャと日本の美術的なつながりを扱う,2019年『ミュシャと日本、日本とオルリク』展カタログ、国立新美術館アートコモンズ,
2019-kyoto-01,みんなのミュシャ：ミュシャからマンガへ／線の魔術,2019,10/12-1/13,2019-10-12,京都文化博物館,京都府,計6か所（2/6）,2019年：東京・Bunkamuraザ・ミュージアム、京都・京都文化博物館　2020年：北海道・札幌芸術の森美術館、愛知・名古屋市美術館（コロナの影響で中止）、静岡・静岡県立美術館、長野・松本市美術館、福島・郡山美術館　計6か所（2/6）,"主催：京都府、京都文化博物館、ミュシャ財団、読売テレビ、ローソンエンターテインメント
後援：チェコ共和国大使館、チェコセンター、チェコ政府観光局
協賛：大成建設、光村印刷、損保ジャパン日本興亜",有,2019年、日本テレビ放送網、Bunkamuraザ・ミュージアム編（Bunkamuraザ・ミュージアムを含む5か所のもの）,後世のアーティストへの影響を取り上げる,2019年『みんなのミュシャ：ミュシャからマンガへ／線の魔術』展カタログ,
2019-wakayama-01,ミュシャと日本、日本とオルリク,2019,11/2-12/15,2019-11-02,和歌山県立近代美術館,和歌山県,計4ヶ所（2/4）,2019年：千葉・千葉市美術館、和歌山・和歌山県立近代美術館 2020年：岡山・岡山県立美術館、静岡・静岡市美術館 計4ヶ所（2/4）,"主催：和歌山県立近代美術館、読売新聞社、美術館連絡協議会
後援：駐日チェコ共和国大使館、チェコセンター東京
協賛：ライオン、大日本印刷、損保ジャパン日本興亜",有,2019年、西山純子ほか編、国書刊行会発行（4か所全てのもの）,ミュシャと日本の美術的なつながりを扱う,2019年『ミュシャと日本、日本とオルリク』展カタログ、国立新美術館アートコモンズ,
2020-okayama-01,ミュシャと日本、日本とオルリク,2020,1/4-2/11,2020-01-04,岡山県立美術館,岡山県,計4ヶ所（3/4）,2019年：千葉・千葉市美術館、和歌山・和歌山県立近代美術館 2020年：岡山・岡山県立美術館、静岡・静岡市美術館 計4ヶ所（3/4）,"主催：岡山県立美術館、読売新聞社、美術館連絡協議会
後援：駐日チェコ共和国大使館、チェコセンター東京
協賛：ライオン、大日本印刷、損保ジャパン日本興亜",有,2019年、西山純子ほか編、国書刊行会発行（4か所全てのもの）,ミュシャと日本の美術的なつながりを扱う,2019年『ミュシャと日本、日本とオルリク』展カタログ、国立新美術館アートコモンズ,
2020-sapporo-01,みんなのミュシャ：ミュシャからマンガへ／線の魔術,2020,1/25-4/12,2020-01-25,札幌芸術の森美術館,北海道,計6か所（3/6）,2019年：東京・Bunkamuraザ・ミュージアム、京都・京都文化博物館　2020年：北海道・札幌芸術の森美術館、愛知・名古屋市美術館（コロナの影響で中止）、静岡・静岡県立美術館、長野・松本市美術館、福島・郡山美術館　計6か所（3/6）,"主催：札幌芸術の森美術館（札幌市芸術文化財団）、ミュシャ財団、札幌テレビ
後援：チェコ共和国大使館、チェコセンター、チェコ政府観光局
協賛：大成建設、光村印刷、損保ジャパン日本興亜",有,2019年、日本テレビ放送網、Bunkamuraザ・ミュージアム編（Bunkamuraザ・ミュージアムを含む5か所のもの）,後世のアーティストへの影響を取り上げる,2019年『みんなのミュシャ：ミュシャからマンガへ／線の魔術』展カタログ,
2020-shizuoka-01,ミュシャと日本、日本とオルリク,2020,4/11-5/24,2020-04-11,静岡市美術館,静岡県,計4ヶ所（4/4）,2019年：千葉・千葉市美術館、和歌山・和歌山県立近代美術館 2020年：岡山・岡山県立美術館、静岡・静岡市美術館 計4ヶ所（4/4）,"主催：静岡市美術館 指定管理者(公財)静岡市文化振興財団、読売新聞社、美術館連絡協議会、静岡第一テレビ
後援：駐日チェコ共和国大使館、チェコセンター東京
協賛：ライオン、大日本印刷、損保ジャパン日本興亜",有,2019年、西山純子ほか編、国書刊行会発行（4か所全てのもの）,ミュシャと日本の美術的なつながりを扱う,2019年『ミュシャと日本、日本とオルリク』展カタログ、国立新美術館アートコモンズ,
2020-niigata-01,ミュシャ展：美しきアール・ヌーヴォーの華／生誕160年記念,2020,4/11-6/14,2020-04-11,新潟市新津美術館,新潟県,なし,なし,"主催：ミュシャ展新潟展実行委員会、新潟市新津美術館、新潟日報社、NST新潟総合テレビ
後援：チェコ共和国大使館、チェコセンター東京、朝日新聞新潟総局、毎日新聞新潟支局、読売新聞新潟支局、産経新聞新潟支局、BSN新潟放送、TeNYテレビ新潟、 UX新潟テレビ21、ケーブルテレビNCV、エフエムラジオ新潟、FMPORT 79.0、FM KENTO、ラジオチャット・エフエム新津、エフエム角田山ぽかぽかラジオ",＊,＊,"OGATAコレクション、総入場者数17,000人",国立新美術館アートコモンズ、株式会社尾形企画公式サイト,
2020-sakai-01,はじめてのミュシャ：生誕160 年記念企画,2020,7/11-8/10,2020-07-11,さかい利晶の杜企画展示室,大阪府,なし,なし,"主催：堺市
後援：チェコ共和国大使館、在堺チェコ共和国名誉領事館、チェコセンター",＊,＊,ミュシャ館のサテライト展示,さかい利晶の杜公式サイト、チェコセンター東京公式サイト,
2020-shizuoka-02,みんなのミュシャ：ミュシャからマンガへ／線の魔術,2020,7/11-9/6,2020-07-11,静岡県立美術館,静岡県,計6か所（4/6）,2019年：東京・Bunkamuraザ・ミュージアム、京都・京都文化博物館　2020年：北海道・札幌芸術の森美術館、愛知・名古屋市美術館（コロナの影響で中止）、静岡・静岡県立美術館、長野・松本市美術館、福島・郡山美術館　計6か所（4/6）,"主催：静岡県立美術館、ミュシャ財団、静岡第一テレビ
後援：チェコ共和国大使館、チェコセンター、チェコ政府観光局
特別協賛：セキスイハイム東海
協賛：大成建設、光村印刷、損保ジャパン日本興亜",有,2019年、日本テレビ放送網、Bunkamuraザ・ミュージアム編（Bunkamuraザ・ミュージアムを含む5か所のもの）,後世のアーティストへの影響を取り上げる,2019年『みんなのミュシャ：ミュシャからマンガへ／線の魔術』展カタログ、国立新美術館アートコモンズ,
2020-akita-01,アルフォンス・ミュシャ展：アール・ヌーヴォーの華,2020,7/11-9/13,2020-07-11,秋田県立近代美術館,秋田県,なし,なし,"主催：ミュシャ展実行委員会（ABS秋田放送・秋田魁新報社・秋田県立近代美術館）
後援：チェコ共和国大使館、チェコセンター東京、横手市、横手市教育委員会、横手かまくらFM、エフエムゆーとぴあ、FＭはなび",＊,＊,"OGATAコレクション、総入場者数17,000人",株式会社尾形企画公式サイト、チェコセンター東京公式サイト,
2020-sakai-01,堺 アルフォンス・ミュシャ館コレクション展：アルフォンス・ミュシャ生誕160年,2020,7/14-10/4,2020-07-14,堺市博物館,大阪府,なし,なし,＊,＊,＊,ミュシャ館のサテライト展示,堺市博物館公式サイト、「Mucha-holic／ミュシャ中毒」ブログ,
2020-matsumoto-01,みんなのミュシャ：ミュシャからマンガへ／線の魔術,2020,9/19-11/29,2020-09-19,松本市美術館,長野県,計6か所（5/6）,2019年：東京・Bunkamuraザ・ミュージアム、京都・京都文化博物館　2020年：北海道・札幌芸術の森美術館、愛知・名古屋市美術館（コロナの影響で中止）、静岡・静岡県立美術館、長野・松本市美術館、福島・郡山美術館　計6か所（5/6）,"主催：松本市美術館、ミュシャ財団、テレビ信州
後援：チェコ共和国大使館、チェコセンター、チェコ政府観光局
協賛：大成建設、光村印刷、損保ジャパン日本興亜",有,2019年、日本テレビ放送網、Bunkamuraザ・ミュージアム編（Bunkamuraザ・ミュージアムを含む5か所のもの）,後世のアーティストへの影響を取り上げる,2019年『みんなのミュシャ：ミュシャからマンガへ／線の魔術』展カタログ、国立新美術館アートコモンズ,
2020-koriyama-01,みんなのミュシャ：ミュシャからマンガへ／線の魔術,2020,12/12-3/7,2020-12-12,郡山美術館,福島県,計6か所（6/6）,2019年：東京・Bunkamuraザ・ミュージアム、京都・京都文化博物館　2020年：北海道・札幌芸術の森美術館、愛知・名古屋市美術館（コロナの影響で中止）、静岡・静岡県立美術館、長野・松本市美術館、福島・郡山美術館　計6か所（6/6）,＊,＊,＊,後世のアーティストへの影響を取り上げる,国立新美術館アートコモンズ,
2021-ikikoku-01,日本人が愛したミュシャ展,2021,2/5-3/28,2021-02-05,一支国博物館,長崎県,なし,なし,"主催：壱岐市立一支国博物館
後援：チェコ共和国大使館、チェコセンター東京、壱岐市、壱岐市教育委員会、長崎県埋蔵文化財センター、壱岐市観光連盟",＊,＊,"OGATAコレクション、総入場者数1,600人",株式会社尾形企画公式サイト、チェコセンター東京公式サイト,
2021-urawa-01,MUCHA(ミュシャ) グラフィック・バラエティ,2021,4/17-6/20,2021-04-17,うらわ美術館ギャラリーABC,埼玉県,なし,なし,"主催：うらわ美術館
後援：チェコ共和国大使館、チェコセンター東京",＊,＊,"OGATAコレクション、総入場者数15,000人",国立新美術館アートコモンズ、株式会社尾形企画公式サイト,
2021-yokkaichi-01,ミュシャ：アール・ヌーヴォーの華,2021,7/3-9/5,2021-07-03,四日市市立博物館,三重県,なし,なし,主催：四日市市立博物館,＊,＊,"OGATAコレクション、総入場者数8,000人",株式会社尾形企画公式サイト、チェコセンター東京公式サイト,
2021-otaru-01,ミュシャ特集：トピック展,2021,11/5-12/21,2021-11-05,小樽芸術村似鳥美術館,北海道,なし,なし,＊,＊,＊,,小樽芸術村公式サイト,
2021-kobe-01,アルフォンス・ミュシャ展：アール・ヌーヴォーの華,2021,11/20-1/16,2021-11-20,神戸ファッション美術館,兵庫県,なし,なし,"主催：神戸ファッション美術館、神戸新聞社、毎日新聞社
後援：チェコ共和国大使館、チェコセンター東京、サンテレビジョン、ラジオ関西",＊,＊,"OGATAコレクション、総入場者数15,000人",株式会社尾形企画公式サイト、チェコセンター東京公式サイト,
2021-isetan-01,ミュシャ展：夢見る軌跡と愛,2021,11/25-12/13,2021-11-25,静岡伊勢丹8階大催事場,静岡県,なし,なし,"主催：Daiichi-TV、静岡伊勢丹
後援：チェコ共和国大使館、チェコセンター東京",＊,＊,"OGATAコレクション、総入場者数6,000人",静岡伊勢丹公式サイト、株式会社尾形企画公式サイト,
2021-odakyu-01,アルフォンス・ミュシャ展：アール・ヌーヴォーの華／ミュシャとアール・ヌーヴォーの巨匠たち,2021,12/26-1/10,2021-12-26,小田急百貨店新宿店本館11 階催事場,東京都,なし,なし,後援：チェコ共和国大使館、チェコセンター東京,＊,＊,"OGATAコレクション、総入場者数15,000人",株式会社尾形企画公式サイト、チェコセンター東京公式サイト,
2022-ueda-01,アルフォンス・ミュシャ：煌めきの女神たち,2022,4/8-6/12,2022-04-08,上田市美術館,長野県,なし,なし,"主催：アルフォンス・ミュシャ展実行委員会（上田市、上田市教育委員会、SBC信越放送）
後援：チェコ共和国大使館、チェコセンター東京",＊,＊,OGATAコレクション,チェコセンター東京公式サイト,
2022-maibara-01,アルフォンス・ミュシャ：花めぐり旅,2022,4/27-6/12,2022-04-27,吸湖山青岸寺、伊吹薬草の里文化センター、ローザンベリー多和田,滋賀県,なし,なし,"主催：一般社団法人びわ湖の素DMO
後援：米原市、堺市",＊,＊,"3か所同時開催
観覧無料・レプリカ",伊吹山麓まいばらスポーツ文化振興事業団公式サイト、「Mucha-holic／ミュシャ中毒」ブログ,
2022-toonippo-01,アルフォンス・ミュシャ展：アール・ヌーヴォーの華、スラヴの魂,2022,7/9-8/28,2022-07-09,東奥日報新町ビル3階New’sホール,青森県,なし,なし,"主催：東奥日報社、東奥日報文化財団
後援：チェコ共和国大使館、チェコセンター東京、青森県、青森県教育委員会、青森放送、青森テレビ、青森朝日放送、NHK青森放送局、青森ケーブルテレビ、エフエム青森、青森市新町商店街振興組合、北海道新聞社、岩手日報社、秋田魁新報社特別協賛：青森銀行、みちのく銀行、青い森信用金庫、東北電力、日本原燃、東奥日報販売店主会",＊,＊,OGATAコレクション,チェコセンター東京公式サイト,
2022-takasaki-01,アルフォンス・ミュシャ展：美しき時代の女神たち,2022,9/23-11/27,2022-09-23,高崎市美術館,群馬県,なし,なし,"主催：高崎市美術館
後援：チェコ共和国大使館、チェコセンター東京",＊,＊,OGATAコレクション,国立新美術館アートコモンズ,
2023-ekikyoto-01,ミュシャ展：マルチ・アーティストの先駆者,2023,2/17-3/26,2023-02-17,美術館「えき」KYOTO,京都府,計8か所（1/8）,2023年：京都・美術館「えき」KYOTO、福岡・福岡市美術館、広島・ひろしま美術館、愛知・松坂屋美術館　2024年：熊本・熊本現代美術館、山形・天童市美術館、三重・パラパタミュージアム、神奈川・そごう美術館　計8か所（1/8）,主催：美術館「えき」KYOTO、MBSテレビ、京都新聞,有,2023年、古谷可由監修、毎日放送発行（美術館「えき」KYOTOを含む7か所のもの）,チマル・コレクション,国立新美術館アートコモンズ、Tokyo Art Beatのサイト、「Mucha-holic／ミュシャ中毒」ブログ,
2023-hachioji-01,アルフォンス・ミュシャ展,2023,4/7-6/4,2023-04-07,八王子市夢美術館,東京都,なし,なし,"主催：公益財団法人八王子市学園都市文化ふれあい財団
後援：チェコ共和国大使館、チェコセンター東京",＊,＊,OGATAコレクション,国立新美術館アートコモンズ,
2023-fukuoka-01,ミュシャ展：マルチ・アーティストの先駆者,2023,4/8-6/4,2023-04-08,福岡市美術館,福岡県,計8か所（2/8）,2023年：京都・美術館「えき」KYOTO、福岡・福岡市美術館、広島・ひろしま美術館、愛知・松坂屋美術館　2024年：熊本・熊本現代美術館、山形・天童市美術館、三重・パラパタミュージアム、神奈川・そごう美術館　計8か所（2/8）,"主催：RKB毎日放送、西日本新聞社、西日本新聞イベントサービス
後援：福岡県、福岡市教育委員会、(公財)福岡市文化芸術振興財団、西日本鉄道",有,2023年、古谷可由監修、毎日放送発行（美術館「えき」KYOTOを含む7か所のもの）,チマル・コレクション,Tokyo Art Beatのサイト、「Mucha-holic／ミュシャ中毒」ブログ,
2023-kitakyusyu-01,アルフォンス・ミュシャ展：アール・ヌーヴォーの華,2023,7/15-8/27,2023-07-15,北九州市立美術館分館,福岡県,なし,なし,"主催：ミュシャ展実行委員会（毎日新聞社、北九州市立美術館）
後援：チェコ共和国大使館、チェコセンター東京、九州旅客鉄道株式会社、西日本鉄道株式会社、北九州モノレール、株式会社スターフライヤー",＊,＊,OGATAコレクション,チェコセンター東京公式サイト,
2023-hiroshima-01,ミュシャ展：マルチ・アーティストの先駆者,2023,9/2-10/29,2023-09-02,ひろしま美術館,広島県,計8か所（3/8）,2023年：京都・美術館「えき」KYOTO、福岡・福岡市美術館、広島・ひろしま美術館、愛知・松坂屋美術館　2024年：熊本・熊本現代美術館、山形・天童市美術館、三重・パラパタミュージアム、神奈川・そごう美術館　計8か所（3/8）,"主催：公益財団法人ひろしま美術館、中国放送、中国新聞社
後援：広島県教育委員会、広島市教育委員会、広島テレビ、広島ホームテレビ、テレビ新広島、広島エフエム放送、FMちゅーピー76.6MHz、ちゅピCOM",有,2023年、古谷可由監修、毎日放送発行（美術館「えき」KYOTOを含む7か所のもの）,チマル・コレクション,国立新美術館アートコモンズ、Tokyo Art Beatのサイト,
2023-miyakonojo-01,アルフォンス・ミュシャ展,2023,10/21-12/3,2023-10-21,都城市立美術館,宮崎県,なし,なし,"主催：都城市立美術館特別展実行委員会（都城市立美術館・UMKテレビ宮崎）
後援：チェコ共和国大使館、チェコセンター東京、宮崎県、一般社団法人都城芸術文化協会、一般社団法人都城観光協会、朝日新聞社、毎日新聞社、読売新聞西部本社、NHK宮崎放送局、KTS鹿児島テレビ、KKB鹿児島放送、KYT鹿児島テレビ、BTV株式会社
特別協賛：霧島酒造株式会社
協賛：南日本酪農協同株式会社",＊,＊,OGATAコレクション,国立新美術館アートコモンズ,
2023-ibuki-01,アルフォンス・ミュシャ展in伊吹：君が描くミュシャの世界,2023,11/1-11/30,2023-11-01,伊吹薬草の里文化センター,滋賀県,なし,なし,＊,＊,＊,観覧無料・レプリカ,毎日新聞電子版2023年11月22日「優美な曲線文様、ミュシャ展 連作レプリカ作品など 30 日まで／滋賀」、「Mucha-holic／ミュシャ中毒」ブログ,
2023-otaru-01,ミュシャ特集：トピック展,2023,11/23-1/30,2023-11-23,小樽芸術村似鳥美術館,北海道,なし,なし,＊,＊,＊,,小樽芸術村公式サイト、「Mucha-holic／ミュシャ中毒」ブログ,
2023-matsu-01,ミュシャ展：マルチ・アーティストの先駆者,2023,12/9-1/21,2023-12-09,松坂屋美術館,愛知県,計8か所（4/8）,2023年：京都・美術館「えき」KYOTO、福岡・福岡市美術館、広島・ひろしま美術館、愛知・松坂屋美術館　2024年：熊本・熊本現代美術館、山形・天童市美術館、三重・パラパタミュージアム、神奈川・そごう美術館　計8か所（4/8）,主催：松坂屋美術館、CBCテレビ,有,2023年、古谷可由監修、毎日放送発行（美術館「えき」KYOTOを含む7か所のもの）,チマル・コレクション,Tokyo Art Beatのサイト、「Mucha-holic／ミュシャ中毒」ブログ,
2023-grandfront-01,ミュシャ展：アール・ヌーヴォーの女神たち,2023,12/9-1/28,2023-12-09,グランフロント大阪 北館ナレッジキャピタル イベントラボ,大阪府,計4か所（1/4）,2024年：大阪・グランフロント大阪 北館ナレッジキャピタル イベントラボ、愛知・金沢南ビル美術館棟（旧名古屋ボストン美術館） 2025年：神奈川・赤レンガ倉庫1号館3Fホール、福井・福井県立美術館 計4か所（1/4）,＊,＊,＊,没入型映像展示と作品展示のハイブリッド、OGATAコレクション,『ミュシャ展：アール・ヌーヴォーの女神たち』公式サイト、国立新美術館アートコモンズ,
2024-kumamoto-01,ミュシャ展：マルチ・アーティストの先駆者,2024,2/10-4/7,2024-02-10,熊本現代美術館,熊本県,計8か所（5/8）,2023年：京都・美術館「えき」KYOTO、福岡・福岡市美術館、広島・ひろしま美術館、愛知・松坂屋美術館　2024年：熊本・熊本現代美術館、山形・天童市美術館、三重・パラパタミュージアム、神奈川・そごう美術館　計8か所（5/8）,"主催：ミュシャ展熊本実行委員会(熊本市現代美術館[熊本市、公益財団法人 熊本市美術文化振興財団]、RKK熊本放送)、熊本日日新聞社
後援：熊本県、熊本県教育委員会、熊本市教育委員会、熊本県文化協会、熊本県美術家連盟、熊本国際観光コンベンション協会、NHK 熊本放送局、J:COM熊本、エフエム熊本、FM791
特別協賛：熊本中央信用金庫、テクノクリエイティブ、プレイスグループ
協賛：岩崎鞄店、岡田珈琲、瑞鷹",有,2023年、古谷可由監修、毎日放送発行（美術館「えき」KYOTOを含む7か所のもの）,チマル・コレクション,熊本市現代美術館公式サイト、国立新美術館アートコモンズ、Tokyo Art Beatのサイト,
2024-tochigi-01,アルフォンス・ミュシャ：魂と装飾の芸術,2024,4/3-6/9,2024-04-03,栃木市立美術館,栃木県,なし,なし,"主催：栃木市教育委員会、栃木市立美術館
後援：朝日新聞宇都宮総局、産経新聞社宇都宮支局、下野新聞社、東京新聞宇都宮支局、毎日新聞宇都宮支局、読売新聞宇都宮支局、 NHK宇都宮放送局、株式会社エフエム栃木、ケーブルテレビ株式会社、株式会社とちぎテレビ、株式会社栃木放送",＊,＊,OGATAコレクション,栃木市立美術館公式サイト、「Mucha-holic／ミュシャ中毒」ブログ,
2024-tendo-01,ミュシャ展：マルチ・アーティストの先駆者,2024,4/9-6/16,2024-04-09,天童市美術館,山形県,計8か所（6/8）,2023年：京都・美術館「えき」KYOTO、福岡・福岡市美術館、広島・ひろしま美術館、愛知・松坂屋美術館　2024年：熊本・熊本現代美術館、山形・天童市美術館、三重・パラパタミュージアム、神奈川・そごう美術館　計8か所（6/8）,"主催：天童市、公益財団法人天童市文化・スポーツ振興事業団、TUYテレビユー山形、tbc東北放送
後援：テレビユー福島",有,2023年、古谷可由監修、毎日放送発行（美術館「えき」KYOTOを含む7か所のもの）,チマル・コレクション,天童市美術館公式サイト、国立新美術館アートコモンズ、Tokyo Art Beatのサイト,
2024-chigasaki-01,アルフォンス・ミュシャ展：アール・ヌーヴォーの美しきミューズ,2024,6/18-8/25,2024-06-18,茅ヶ崎市美術館,神奈川県,なし,なし,主催：公益財団法人茅ヶ崎市文化・スポーツ振興財団,＊,＊,OGATAコレクション,国立新美術館アートコモンズ,
2024-parapata-01,ミュシャ展：マルチ・アーティストの先駆者,2024,8/3-9/29,2024-08-03,パラパタミュージアム,三重県,計8か所（7/8）,2023年：京都・美術館「えき」KYOTO、福岡・福岡市美術館、広島・ひろしま美術館、愛知・松坂屋美術館　2024年：熊本・熊本現代美術館、山形・天童市美術館、三重・パラパタミュージアム、神奈川・そごう美術館　計8か所（7/8）,"主催：公益財団法人岡田文化財団パラミタミュージアム
後援：中日新聞社、読売新聞社、朝日新聞社、三重テレビ放送",有,2023年、古谷可由監修、毎日放送発行（美術館「えき」KYOTOを含む7か所のもの）,チマル・コレクション,パラパタミュージアム公式サイト、国立新美術館アートコモンズ、Tokyo Art Beatのサイト,
2025-hokkaido-01,アルフォンス・ミュシャ：ふたつの世界／市制施行70周年記念,2024,9/21-12/1,2025-09-21,府中市美術館,東京都,なし,なし,主催：府中市美術館,有,2024年、府中市美術館編,,国立新美術館アートコモンズ,
2025-sogo-01,ミュシャ展：マルチ・アーティストの先駆者,2024,11/23-1/5,2025-011-23,そごう美術館,神奈川県,計8か所（8/8）,2023年：京都・美術館「えき」KYOTO、福岡・福岡市美術館、広島・ひろしま美術館、愛知・松坂屋美術館　2024年：熊本・熊本現代美術館、山形・天童市美術館、三重・パラパタミュージアム、神奈川・そごう美術館　計8か所（8/8）,"主催：そごう美術館
後援：神奈川県教育委員会、横浜市教育委員会
協賛：(株)そごう・西武",＊,＊,チマル・コレクション,そごう美術館公式サイト、国立新美術館アートコモンズ、Tokyo Art Beatのサイト,
2025-hikarie-01,永遠のミュシャ：グラン・パレ・イマーシブ,2024,12/3-1/19,2025-12-03,ヒカリエホール,東京都,なし,なし,"主催：Bunkamura、グラン・パレ・イマーシブ、ミュシャ財団、テレビ東京、日本経済新聞社、BSテレビ東京
後援：在日フランス大使館／アンスティチュ・フランセ、チェコ共和国大使館、チェコセンター東京、J-WAVE",有,2024年、公式ブック,没入型の映像展示,『永遠のミュシャ：グラン・パレ・イマーシブ』公式サイト、「Mucha-holic／ミュシャ中毒」ブログ,
2025-kanayama-01,ミュシャ展：アール・ヌーヴォーの女神たち,2024,12/21-2/2,2025-12-21,金山南ビル美術館棟（旧名古屋ボストン美術館）,愛知県,計4か所（2/4）,2024年：大阪・グランフロント大阪 北館ナレッジキャピタル イベントラボ、愛知・金沢南ビル美術館棟（旧名古屋ボストン美術館） 2025年：神奈川・赤レンガ倉庫1号館3Fホール、福井・福井県立美術館 計4か所（2/4）,＊,＊,＊,没入型映像展示と作品展示のハイブリッド、OGATAコレクション,『ミュシャ展：アール・ヌーヴォーの女神たち』公式サイト,
2025-ehime-01,アルフォンス・ミュシャ展：アール・ヌーヴォーの華/ミュシャの魅力,2025,4/12-6/22,2025-04-12,愛媛県美術館,愛媛県,なし,なし,"主催：「アルフォンス・ミュシャ展」実行委員会（愛媛県・南海放送）
後援：愛媛県教育委員会、松山市、松山市教育委員会、愛媛県市町教育委員会連合会、愛媛県文化振興財団、愛媛県美術会、愛媛美術教育連盟、愛媛県文化協会、愛媛新聞社、朝日新聞松山総局、読売新聞松山支局、毎日新聞松山支局、NHK松山放送局、テレビ愛媛、あいテレビ、愛媛朝日テレビ、愛媛CATV、四国中央テレビ、 FM愛媛、えひめリビング新聞社、RNC西日本放送、JRT四国放送、RKC高知放送",＊,＊,OGATAコレクション,国立新美術館アートコモンズ,
2025-yokohama-01,ミュシャ展：アール・ヌーヴォーの女神たち,2025,4/18-5/18,2025-4-18,赤レンガ倉庫1号館3Fホール,神奈川県,計4か所（3/4）,2024年：大阪・グランフロント大阪 北館ナレッジキャピタル イベントラボ、愛知・金沢南ビル美術館棟（旧名古屋ボストン美術館） 2025年：神奈川・赤レンガ倉庫1号館3Fホール、福井・福井県立美術館 計4か所（3/4）,＊,＊,＊,没入型映像展示と作品展示のハイブリッド、OGATAコレクション,『ミュシャ展：アール・ヌーヴォーの女神たち』公式サイト,
2025-hokkaido-01,アルフォンス・ミュシャとコマーシャルの時代,2025,6/14-7/6,2025-06-14,北海道立帯広美術館,北海道,なし,なし,＊,＊,＊,,国立新美術館アートコモンズ,
2025-fukui-01,ミュシャ展：アール・ヌーヴォーの女神たち,2025,7/19-8/31,2025-07-19,福井県立美術館,福井県,計4か所（4/4）,2024年：大阪・グランフロント大阪 北館ナレッジキャピタル イベントラボ、愛知・金沢南ビル美術館棟（旧名古屋ボストン美術館） 2025年：神奈川・赤レンガ倉庫1号館3Fホール、福井・福井県立美術館 計4か所（4/4）,主催：ミュシャ展福井実行委員会（福井県立美術館、福井新聞社、福井テレビ）,＊,＊,没入型映像展示と作品展示のハイブリッド、OGATAコレクション,福井県立美術館公式サイト、『ミュシャ展：アール・ヌーヴォーの女神たち』公式サイト、国立新美術館アートコモンズ,
2025-ishinomaki-01,アルフォンス・ミュシャ展,2025,7/26-8/31,2025-07-26,石巻市博物館,宮城県,なし,なし,"主催：石巻市博物館
後援：tbc東北放送、ミヤギテレビ、khb東日本放送、仙台放送、NHK仙台放送局、河北新報社、三陸河北新報社、石巻日日新聞社、ラジオ石巻FM76.4、一般社団法人石巻観光協会、一般社団法人石巻圏観光推進機構",＊,＊,OGATAコレクション,石巻市公式サイト、「Mucha-holic／ミュシャ中毒」ブログ,
2025-woodone-01,アルフォンス・ミュシャ展：アール・ヌーヴォーの華,2025,9/13-12/14,2025-09-13,ウッドワン美術館,広島県,なし,なし,"主催：ウッドワン美術館、中国新聞社
後援：広島県、広島市教育委員会、廿日市市教育委員会、中国放送、広島テレビ、広島ホームテレビ、テレビ新広島、広島エフエム放送、FMちゅーピー76.6MHz、FMはつかいち76.1MHz",＊,＊,OGATAコレクション,国立新美術館アートコモンズ,
